,Foretag,Ar,Avkastning,Nettoomsattning(tkr),kortfristiga skulder,langfristiga skulder,totala tillgangar,forsaljningstillvaxten
0,Företagsnamn,2018,Avkastning på totalt kapital (%) 2018,Nettoomsättning (tkr) 2018,S:a kortfristiga skulder (tkr) 2018,S:a långfristiga skulder (tkr) 2018,Totala tillgångar (tkr) 2018,Försäljningstillväxten 2018
1,Företagsnamn,2017,Avkastning på totalt kapital (%) 2017,Nettoomsättning (tkr) 2017,S:a kortfristiga skulder (tkr) 2017,S:a långfristiga skulder (tkr) 2017,Totala tillgångar (tkr) 2017,Försäljningstillväxten 2017
2,Företagsnamn,2016,Avkastning på totalt kapital (%) 2016,Nettoomsättning (tkr) 2016,S:a kortfristiga skulder (tkr) 2016,S:a långfristiga skulder (tkr) 2016,Totala tillgångar (tkr) 2016,Försäljningstillväxten 2016
3,Företagsnamn,2015,Avkastning på totalt kapital (%) 2015,Nettoomsättning (tkr) 2015,S:a kortfristiga skulder (tkr) 2015,S:a långfristiga skulder (tkr) 2015,Totala tillgångar (tkr) 2015,Försäljningstillväxten 2015
4,Företagsnamn,2014,Avkastning på totalt kapital (%) 2014,Nettoomsättning (tkr) 2014,S:a kortfristiga skulder (tkr) 2014,S:a långfristiga skulder (tkr) 2014,Totala tillgångar (tkr) 2014,Försäljningstillväxten 2014
5,Företagsnamn,2013,Avkastning på totalt kapital (%) 2013,Nettoomsättning (tkr) 2013,S:a kortfristiga skulder (tkr) 2013,S:a långfristiga skulder (tkr) 2013,Totala tillgångar (tkr) 2013,Försäljningstillväxten 2013
6,Företagsnamn,2012,Avkastning på totalt kapital (%) 2012,Nettoomsättning (tkr) 2012,S:a kortfristiga skulder (tkr) 2012,S:a långfristiga skulder (tkr) 2012,Totala tillgångar (tkr) 2012,Försäljningstillväxten 2012
7,Företagsnamn,2011,Avkastning på totalt kapital (%) 2011,Nettoomsättning (tkr) 2011,S:a kortfristiga skulder (tkr) 2011,S:a långfristiga skulder (tkr) 2011,Totala tillgångar (tkr) 2011,Försäljningstillväxten 2011
8,Företagsnamn,2010,Avkastning på totalt kapital (%) 2010,Nettoomsättning (tkr) 2010,S:a kortfristiga skulder (tkr) 2010,S:a långfristiga skulder (tkr) 2010,Totala tillgångar (tkr) 2010,Försäljningstillväxten 2010
9,Kvalitetsfisk i Stockholm Aktiebolag,2018,33,367 391,32 137,0,51 856,0.4518342007405563
10,Kvalitetsfisk i Stockholm Aktiebolag,2017,30.9,253 053,26 020,292,42 200,0.2998808264072244
11,Kvalitetsfisk i Stockholm Aktiebolag,2016,20.6,194 674,19 178,111,31 396,0.2052848926119232
12,Kvalitetsfisk i Stockholm Aktiebolag,2015,35,161 517,15 526,0,31 883,0.07327397169247125
13,Kvalitetsfisk i Stockholm Aktiebolag,2014,41.6,150 490,12 344,0,28 107,0.10763546435458467
14,Kvalitetsfisk i Stockholm Aktiebolag,2013,34.1,135 866,15 511,0,29 594,0.13043622960503873
15,Kvalitetsfisk i Stockholm Aktiebolag,2012,43.6,120 189,12 594,0,26 028,-0.09624856191113551
16,Kvalitetsfisk i Stockholm Aktiebolag,2011,38.2,132 989,12 323,1 528,23 079,0.09865589399159004
17,Kvalitetsfisk i Stockholm Aktiebolag,2010,27.4,121 047,12 780,1 528,21 195,-
18,SIA - Glass Aktiebolag,2018,10.6,531 472,160 917,14 340,225 472,0.15471371802643272
19,SIA - Glass Aktiebolag,2017,4.2,460 263,164 978,24 480,230 457,0.07947679981987729
20,SIA - Glass Aktiebolag,2016,1.2,426 376,143 090,34 716,214 865,0.04008859789921501
21,SIA - Glass Aktiebolag,2015,7.8,409 942,88 066,45 947,168 046,0.11244321666404346
22,SIA - Glass Aktiebolag,2014,12,368 506,85 292,28 406,138 921,0.0075765239859461085
23,SIA - Glass Aktiebolag,2013,8,365 735,70 461,42 336,133 535,0.07905847364865064
24,SIA - Glass Aktiebolag,2012,"- 10,6",338 939,76 312,41 685,138 648,-0.03077763352797525
25,SIA - Glass Aktiebolag,2011,0.3,349 702,76 211,45 300,150 646,0.015857984040343595
26,SIA - Glass Aktiebolag,2010,4.5,344 243,63 409,40 300,131 928,-
27,Arla Gefleortens AB,2018,"- 8,1",296 425,45 984,70 000,148 734,11.006359107294747
28,Arla Gefleortens AB,2017,"- 0,5",24 689,40 091,80 000,153 318,
29,Arla Gefleortens AB,2016,-,-,-,-,-,
30,Arla Gefleortens AB,2015,-,-,-,-,-,
31,Arla Gefleortens AB,2014,-,-,-,-,-,
32,Arla Gefleortens AB,2013,-,-,-,-,-,
33,Arla Gefleortens AB,2012,-,-,-,-,-,
34,Arla Gefleortens AB,2011,-,-,-,-,-,
35,Arla Gefleortens AB,2010,-,-,-,-,-,-
36,Klädesholmen Seafood AB,2018,7.6,195 351,25 643,35 927,169 323,0.5452539155196963
37,Klädesholmen Seafood AB,2017,1.9,126 420,40 510,38 477,175 551,-0.32631332132541807
38,Klädesholmen Seafood AB,2016,0.5,187 654,85 836,34 039,214 116,0.028579258934444202
39,Klädesholmen Seafood AB,2015,5.4,182 440,69 383,35 889,200 115,-0.07832052661624811
40,Klädesholmen Seafood AB,2014,10.2,197 943,46 483,57 140,175 051,-0.011683467892931503
41,Klädesholmen Seafood AB,2013,5.4,200 283,50 900,29 701,141 284,0.11620558205894155
42,Klädesholmen Seafood AB,2012,1.6,179 432,69 193,28 367,153 082,0.02527298596072202
43,Klädesholmen Seafood AB,2011,4.1,175 009,49 257,31 018,134 704,0.057750190385243025
44,Klädesholmen Seafood AB,2010,7.6,165 454,38 918,24 938,116 609,-
45,Atria Sverige AB,2018,"- 7,5",2 816 532,690 210,0,1 235 983,0.009929938587347639
46,Atria Sverige AB,2017,2.4,2 788 839,604 248,0,1 257 463,0.15457119010911308
47,Atria Sverige AB,2016,6.6,2 415 476,474 120,0,865 461,-0.03426851560138622
48,Atria Sverige AB,2015,18.2,2 501 188,597 555,0,970 692,-0.12698438183901
49,Atria Sverige AB,2014,10.6,2 864 998,595 155,260 000,1 196 815,-0.05854444626273102
50,Atria Sverige AB,2013,- 1,3 043 158,478 055,260 000,996 910,0.015112143553355167
51,Atria Sverige AB,2012,"- 2,3",2 997 854,564 565,260 000,1 068 479,0.027868666410887023
52,Atria Sverige AB,2011,"- 0,2",2 916 573,507 730,260 000,1 034 328,0.12497324084856307
53,Atria Sverige AB,2010,"- 3,2",2 592 571,660 246,0,933 040,-
54,O. Kavli Aktiebolag,2018,12.5,898 943,112 007,143 250,589 985,0.08127649235240061
55,O. Kavli Aktiebolag,2017,13.8,831 372,135 083,143 250,603 234,0.040949482074506646
56,O. Kavli Aktiebolag,2016,12.8,798 667,113 437,143 250,577 226,0.006301139270171584
57,O. Kavli Aktiebolag,2015,8.5,793 666,130 950,119 750,536 920,0.13814653565303184
58,O. Kavli Aktiebolag,2014,11.9,697 332,107 063,143 250,539 450,0.0019454637933957683
59,O. Kavli Aktiebolag,2013,13.1,695 978,105 794,93 500,476 688,0.06246612900517358
60,O. Kavli Aktiebolag,2012,10.8,655 059,96 571,104 500,454 243,0.5742145256874251
61,O. Kavli Aktiebolag,2011,9.6,416 118,73 415,90 000,395 922,0.029019518624670178
62,O. Kavli Aktiebolag,2010,15.6,404 383,48 654,0,281 392,-
63,Mårtenssons Partiaffär Aktiebolag,2018,8.8,816 416,77 490,0,236 786,-0.09294569113206247
64,Mårtenssons Partiaffär Aktiebolag,2017,3.3,900 074,84 215,2 098,229 340,0.0458704296314888
65,Mårtenssons Partiaffär Aktiebolag,2016,5.5,860 598,77 236,8 261,224 408,0.09950926970491024
66,Mårtenssons Partiaffär Aktiebolag,2015,2.6,782 711,70 428,2 436,202 822,-0.2637424348176173
67,Mårtenssons Partiaffär Aktiebolag,2014,1.5,1 063 094,72 980,3 079,203 080,0.6309700422050974
68,Mårtenssons Partiaffär Aktiebolag,2013,4.1,651 817,58 703,0,183 813,0.00014883692383232063
69,Mårtenssons Partiaffär Aktiebolag,2012,10.6,651 720,62 756,0,182 676,0.01172364973112604
70,Mårtenssons Partiaffär Aktiebolag,2011,9.2,644 168,62 182,0,168 127,0.03606629094932963
71,Mårtenssons Partiaffär Aktiebolag,2010,13.4,621 744,66 350,0,160 233,-
72,Aktiebolaget Nyåkers Pepparkakor,2018,5.3,108 952,19 348,21 637,63 181,-0.0634310716833862
73,Aktiebolaget Nyåkers Pepparkakor,2017,12.3,116 331,21 594,23 104,67 289,0.2138169221298219
74,Aktiebolaget Nyåkers Pepparkakor,2016,11.6,95 839,16 284,38 374,70 733,0.0230028606805858
75,Aktiebolaget Nyåkers Pepparkakor,2015,16.4,93 684,16 423,28 199,55 582,0.057071288335251505
76,Aktiebolaget Nyåkers Pepparkakor,2014,7,88 626,16 254,32 496,54 322,0.07933067030397506
77,Aktiebolaget Nyåkers Pepparkakor,2013,"- 6,7",82 112,17 260,22 872,54 006,0.06690227771786443
78,Aktiebolaget Nyåkers Pepparkakor,2012,"- 1,5",76 963,13 647,25 213,57 823,0.08230909857966531
79,Aktiebolaget Nyåkers Pepparkakor,2011,1.7,71 110,12 212,3 500,37 185,-0.05971491286065639
80,Aktiebolaget Nyåkers Pepparkakor,2010,12,75 626,12 216,4 000,38 139,-
81,Lindvalls Chark AB,2018,9.6,302 492,58 368,14 780,140 939,0.003140493127062296
82,Lindvalls Chark AB,2017,6.9,301 545,52 917,14 780,124 821,-0.013582076369738664
83,Lindvalls Chark AB,2016,13.2,305 697,52 401,14 800,128 474,0.13950818388867972
84,Lindvalls Chark AB,2015,15.2,268 271,50 052,15 760,126 345,0.21105187365417866
85,Lindvalls Chark AB,2014,17.5,221 519,45 251,6 720,109 345,0.08870060106845692
86,Lindvalls Chark AB,2013,15.5,203 471,35 121,8 640,93 929,0.09358909587332982
87,Lindvalls Chark AB,2012,11.2,186 058,34 781,12 077,88 529,0.09187044829022963
88,Lindvalls Chark AB,2011,16.5,170 403,35 821,13 058,93 777,-0.027019156650583836
89,Lindvalls Chark AB,2010,16.4,175 135,32 621,15 475,92 060,-
90,The Absolut Company Aktiebolag,2018,10.5,4 351 700,1 042 500,0,15 057 900,0.03567518682469418
91,The Absolut Company Aktiebolag,2017,9.7,4 201 800,989 200,500,16 839 000,0.04319976165648741
92,The Absolut Company Aktiebolag,2016,6.7,4 027 800,1 122 600,11 800,20 690 600,-0.000595503945213637
93,The Absolut Company Aktiebolag,2015,7.2,4 030 200,1 186 100,0,20 298 000,0.0979975480179812
94,The Absolut Company Aktiebolag,2014,6.1,3 670 500,940 300,8 000,19 798 400,-0.02613425311753781
95,The Absolut Company Aktiebolag,2013,4.3,3 769 000,904 100,0,21 287 200,-0.025418250458976548
96,The Absolut Company Aktiebolag,2012,29,3 867 300,838 600,0,4 449 000,0.29810016111707843
97,The Absolut Company Aktiebolag,2011,24.2,2 979 200,936 800,0,5 106 400,-0.31617967727867424
98,The Absolut Company Aktiebolag,2010,33,4 356 700,975 300,0,5 510 200,-
99,Gunnar Dafgård Aktiebolag,2018,6.4,2 808 785,368 521,0,1 830 108,0.11400883104994941
100,Gunnar Dafgård Aktiebolag,2017,3.7,2 521 331,352 986,0,1 717 720,0.102871595095862
101,Gunnar Dafgård Aktiebolag,2016,8.3,2 286 151,364 227,0,1 669 589,0.08218680074924416
102,Gunnar Dafgård Aktiebolag,2015,7.5,2 112 529,295 758,0,1 527 241,0.03900353428492455
103,Gunnar Dafgård Aktiebolag,2014,8.2,2 033 226,335 503,0,1 468 557,0.027974690264144456
104,Gunnar Dafgård Aktiebolag,2013,3.2,1 977 895,294 648,0,1 376 374,-0.030229707533524552
105,Gunnar Dafgård Aktiebolag,2012,2.6,2 039 550,271 746,0,1 362 273,0.006258930051547613
106,Gunnar Dafgård Aktiebolag,2011,0,2 026 864,267 650,0,1 337 425,0.04011831562396405
107,Gunnar Dafgård Aktiebolag,2010,9.9,1 948 686,258 548,0,1 337 800,-
108,Kronfågel AB,2018,14.1,2 649 619,530 507,152 603,867 005,0.036354277610003316
109,Kronfågel AB,2017,10.5,2 556 673,453 820,225 003,872 076,0.07623922255028494
110,Kronfågel AB,2016,14.4,2 375 562,526 377,225 003,959 179,0.08252789527072288
111,Kronfågel AB,2015,14,2 194 458,486 191,225 003,925 765,0.10276820469216877
112,Kronfågel AB,2014,10.7,1 989 954,492 941,225 003,882 866,1.3546992719196214
113,Kronfågel AB,2013,0,845 099,435 394,0,592 712,-0.44669842049267533
114,Kronfågel AB,2012,7,1 527 375,399 766,0,525 102,-0.026380087699895267
115,Kronfågel AB,2011,"- 0,6",1 568 759,421 356,0,550 947,-0.02150585253094051
116,Kronfågel AB,2010,8.2,1 603 238,437 158,0,690 163,-
117,Marianne´s Farm Aktiebolag,2018,5.9,153 673,29 382,16 153,59 437,0.21931731623714612
118,Marianne´s Farm Aktiebolag,2017,7,126 032,28 816,16 513,57 537,-0.04903758365967208
119,Marianne´s Farm Aktiebolag,2016,"- 2,4",132 531,28 751,20 355,58 313,0.03722979635919671
120,Marianne´s Farm Aktiebolag,2015,"- 4,9",127 774,37 769,18 672,62 979,0.10962127988467317
121,Marianne´s Farm Aktiebolag,2014,2.7,115 151,32 800,12 015,55 487,-0.04741775104853453
122,Marianne´s Farm Aktiebolag,2013,3.6,120 883,24 273,21 500,56 091,0.08935008290678394
123,Marianne´s Farm Aktiebolag,2012,"- 4,1",110 968,31 359,23 431,64 306,-0.014318706697459584
124,Marianne´s Farm Aktiebolag,2011,"- 1,7",112 580,22 656,27 402,63 507,0.09884532419743687
125,Marianne´s Farm Aktiebolag,2010,1.6,102 453,21 450,29 347,66 150,-
126,Swedish Match North Europe AB,2018,35.9,4 779 205,4 382 193,0,6 497 396,-0.4587427696730466
127,Swedish Match North Europe AB,2017,33.7,8 829 822,3 966 467,0,5 927 858,0.01749246544892373
128,Swedish Match North Europe AB,2016,38.2,8 678 022,3 887 373,0,4 895 070,0.06617190583949399
129,Swedish Match North Europe AB,2015,35.7,8 139 421,3 891 832,0,4 905 102,-0.012727862001073705
130,Swedish Match North Europe AB,2014,33,8 244 354,5 211 328,0,6 103 964,0.050025905640297255
131,Swedish Match North Europe AB,2013,43.4,7 851 572,3 978 806,0,4 800 890,-0.05536839151941184
132,Swedish Match North Europe AB,2012,45.1,8 311 782,4 255 396,0,5 036 896,0.2250601528859752
133,Swedish Match North Europe AB,2011,35,6 784 795,4 967 439,14 148,5 653 344,0.10260160086013649
134,Swedish Match North Europe AB,2010,44,6 153 442,3 591 735,12 265,4 223 077,-
135,Switsbake Int AB,2018,"- 8,2",134 213,42 317,9 775,59 262,-0.08599155543448651
136,Switsbake Int AB,2017,"- 8,2",146 840,40 014,0,54 257,-0.18227786069097632
137,Switsbake Int AB,2016,"- 4,1",179 572,41 365,0,61 341,-0.06234596265508167
138,Switsbake Int AB,2015,"- 22,8",191 512,59 551,5 250,89 007,-0.013175726159252638
139,Switsbake Int AB,2014,4.9,194 069,29 922,33 250,87 845,0.03363994183847928
140,Switsbake Int AB,2013,6.1,187 753,30 889,11 250,66 025,-0.03679363857894062
141,Switsbake Int AB,2012,4.4,194 925,29 970,15 000,69 668,0.2228056308340861
142,Switsbake Int AB,2011,25,159 408,25 041,15 000,68 333,0.11777410035621126
143,Switsbake Int AB,2010,24,142 612,28 408,15 000,55 884,-
144,Leksands Knäckebröd AB,2018,2.1,227 310,103 434,97 959,293 144,0.02252791247941989
145,Leksands Knäckebröd AB,2017,1,222 302,92 002,107 333,291 678,-0.015953538197303302
146,Leksands Knäckebröd AB,2016,0.5,225 906,85 191,92 200,272 091,0.019256625668883493
147,Leksands Knäckebröd AB,2015,4.4,221 638,80 314,74 828,253 467,0.06008848499342341
148,Leksands Knäckebröd AB,2014,4.7,209 075,73 145,72 022,240 673,-0.031580458838406066
149,Leksands Knäckebröd AB,2013,3.1,215 893,73 473,58 311,220 827,0.06764615704155004
150,Leksands Knäckebröd AB,2012,3.9,202 214,65 978,68 636,223 764,-0.10440370791941077
151,Leksands Knäckebröd AB,2011,2.9,225 787,67 391,74 693,230 817,-0.04330785397105183
152,Leksands Knäckebröd AB,2010,7.1,236 008,77 162,59 527,227 050,-
153,Olle Nyberg Chark Aktiebolag,2018,10.7,500 884,42 251,3 941,166 780,-0.013326136759847848
154,Olle Nyberg Chark Aktiebolag,2017,19.6,507 649,43 491,3 958,168 985,0.10424012511773291
155,Olle Nyberg Chark Aktiebolag,2016,16.3,459 727,44 608,3 979,156 427,-0.015582307646187185
156,Olle Nyberg Chark Aktiebolag,2015,24.9,467 004,43 960,3 989,151 169,0.11554245474567283
157,Olle Nyberg Chark Aktiebolag,2014,18.5,418 634,42 521,3 989,133 893,0.13782119230497436
158,Olle Nyberg Chark Aktiebolag,2013,20.8,367 926,36 914,4 076,122 634,0.11480565756462931
159,Olle Nyberg Chark Aktiebolag,2012,18,330 036,29 597,4 225,103 788,0.05472128035588167
160,Olle Nyberg Chark Aktiebolag,2011,28.3,312 913,33 122,4 374,109 773,0.06066810162195142
161,Olle Nyberg Chark Aktiebolag,2010,9.5,295 015,44 474,4 522,102 344,-
162,Arvid Nordquist Handelsaktiebolag,2018,7.5,2 998 921,769 247,29 803,1 015 476,0.030757174502953323
163,Arvid Nordquist Handelsaktiebolag,2017,10.1,2 909 435,660 027,35 224,908 263,0.15942984824459713
164,Arvid Nordquist Handelsaktiebolag,2016,11.5,2 509 367,643 504,27 362,878 998,0.4154790941356179
165,Arvid Nordquist Handelsaktiebolag,2015,11.5,1 772 804,406 405,10 109,596 960,0.14797201565507043
166,Arvid Nordquist Handelsaktiebolag,2014,10.5,1 544 292,389 258,5 058,566 649,0.08404232019812322
167,Arvid Nordquist Handelsaktiebolag,2013,15.5,1 424 568,312 195,5 350,492 591,0.008698681496555578
168,Arvid Nordquist Handelsaktiebolag,2012,9.4,1 412 283,352 881,7 921,501 430,0.007757176333583557
169,Arvid Nordquist Handelsaktiebolag,2011,7.1,1 401 412,297 476,10 492,437 979,0.024973176416895896
170,Arvid Nordquist Handelsaktiebolag,2010,10.5,1 367 267,288 421,13 063,445 194,-
171,ASM Foods Aktiebolag,2018,19.9,531 123,106 960,0,302 083,0.0984827489214198
172,ASM Foods Aktiebolag,2017,"- 0,6",483 506,344 300,0,491 203,-0.018973048977695355
173,ASM Foods Aktiebolag,2016,14.3,492 857,55 956,0,209 267,0.08661009363432126
174,ASM Foods Aktiebolag,2015,11.3,453 573,57 319,0,185 873,0.055596671041975035
175,ASM Foods Aktiebolag,2014,12.3,429 684,62 010,0,176 100,0.4653979946797626
176,ASM Foods Aktiebolag,2013,17.6,293 220,47 506,0,143 434,-0.2539329959467815
177,ASM Foods Aktiebolag,2012,8.3,393 021,51 436,0,125 394,0.018862201713567252
178,ASM Foods Aktiebolag,2011,10.9,385 745,60 062,8 525,146 014,0.05593879171114943
179,ASM Foods Aktiebolag,2010,16.9,365 310,50 781,18 625,135 283,-
180,Coca-Cola European Partners Sverige AB,2018,19.8,4 060 334,1 037 946,13 910,2 279 046,0.09973594965898802
181,Coca-Cola European Partners Sverige AB,2017,26.4,3 692 099,683 112,18 475,1 936 677,0.028973810085846777
182,Coca-Cola European Partners Sverige AB,2016,24.6,3 588 137,733 186,6 866,1 822 614,0.05330061220026625
183,Coca-Cola European Partners Sverige AB,2015,21.4,3 406 565,783 583,6 240,1 705 132,0.012850302303213022
184,Coca-Cola European Partners Sverige AB,2014,17.7,3 363 345,845 524,5 716,2 338 488,-0.01005094050230567
185,Coca-Cola European Partners Sverige AB,2013,24.7,3 397 493,664 603,1 017,2 144 933,0.08799330070147292
186,Coca-Cola European Partners Sverige AB,2012,23.6,3 122 715,598 385,228,1 929 794,0.013174087500417733
187,Coca-Cola European Partners Sverige AB,2011,21.4,3 082 111,579 800,0,1 824 062,0.05006432349265663
188,Coca-Cola European Partners Sverige AB,2010,19.2,2 935 164,493 749,0,1 755 974,-
189,Oatly AB,2018,"- 16,1",874 292,452 858,137 556,604 044,0.3745065455911784
190,Oatly AB,2017,"- 5,5",636 077,178 286,55 893,266 911,0.33842194746277704
191,Oatly AB,2016,1.9,475 244,113 483,38 576,202 276,0.30788981938370846
192,Oatly AB,2015,4.2,363 367,77 434,19 674,145 558,0.4046534821870361
193,Oatly AB,2014,2.9,258 688,62 409,14 791,120 952,0.21244844394450693
194,Oatly AB,2013,9.3,213 360,61 831,9 197,112 458,0.08488503350858817
195,Oatly AB,2012,16.3,196 666,57 014,8 687,97 928,0.08458106535634123
196,Oatly AB,2011,12.3,181 329,59 094,9 114,86 011,0.10497065867168791
197,Oatly AB,2010,9.8,164 103,58 667,12 167,79 966,-
198,KLS UGGLARPS AB,2018,4.8,5 358 201,979 723,104 809,1 513 934,0.025250682374596628
199,KLS UGGLARPS AB,2017,4.6,5 226 235,960 706,103 765,1 451 663,0.07475703377929152
200,KLS UGGLARPS AB,2016,6.2,4 862 713,849 691,102 662,1 287 627,0.407980183456487
201,KLS UGGLARPS AB,2015,7.1,3 453 680,525 346,83 750,840 298,0.0997642961907182
202,KLS UGGLARPS AB,2014,5.7,3 140 382,571 648,166 049,959 681,0.10165533397670598
203,KLS UGGLARPS AB,2013,7.9,2 850 603,372 579,248 629,812 018,0.38546185172278546
204,KLS UGGLARPS AB,2012,1.1,2 057 511,159 825,330 719,598 649,0.11030459687929178
205,KLS UGGLARPS AB,2011,0.2,1 853 105,127 363,332 073,561 319,0.12464458571666995
206,KLS UGGLARPS AB,2010,2.9,1 647 725,117 815,333 082,561 739,-
207,Nestlé Sverige Aktiebolag,2018,18.3,3 611 270,1 303 671,0,1 519 966,0.4209190388522068
208,Nestlé Sverige Aktiebolag,2017,12.6,2 541 503,784 306,0,1 121 231,0.033810001281329
209,Nestlé Sverige Aktiebolag,2016,9.6,2 458 385,880 634,0,1 190 838,-0.007966900821910733
210,Nestlé Sverige Aktiebolag,2015,9.2,2 478 128,920 940,0,1 237 391,0.07378814015027925
211,Nestlé Sverige Aktiebolag,2014,3.3,2 307 837,1 159 608,0,1 390 560,0.0151598527826274
212,Nestlé Sverige Aktiebolag,2013,8.1,2 273 373,461 653,424 263,1 291 540,-0.03226502648383322
213,Nestlé Sverige Aktiebolag,2012,6.8,2 349 169,467 252,417 000,1 226 860,0.07995902978937028
214,Nestlé Sverige Aktiebolag,2011,20,2 175 239,454 260,940 562,1 789 991,-0.12082960316385734
215,Nestlé Sverige Aktiebolag,2010,5.5,2 474 195,406 424,740 027,1 310 754,-
216,Salico Aktiebolag,2018,23.8,479 883,96 431,0,125 980,0.17647217455258643
217,Salico Aktiebolag,2017,31.6,407 900,87 669,0,116 092,0.12294592295473253
218,Salico Aktiebolag,2016,34.4,363 241,73 504,0,102 274,0.09017215092618158
219,Salico Aktiebolag,2015,33.2,333 196,49 546,959,79 844,0.19089589900852794
220,Salico Aktiebolag,2014,26.6,279 786,54 713,2 306,73 535,0.06343287836805436
221,Salico Aktiebolag,2013,27.1,263 097,59 294,0,75 954,0.11115475255302436
222,Salico Aktiebolag,2012,22.6,236 778,47 067,0,69 988,0.06176570823841725
223,Salico Aktiebolag,2011,26.4,223 004,44 925,0,68 374,0.23553398488575672
224,Salico Aktiebolag,2010,11.2,180 492,29 948,2 000,53 630,-
225,SödervidingeBagaren Aktiebolag,2018,13.4,145 595,28 829,9 567,76 291,0.02658205534990305
226,SödervidingeBagaren Aktiebolag,2017,14.3,141 825,29 500,10 967,79 033,0.07407379358395687
227,SödervidingeBagaren Aktiebolag,2016,16.3,132 044,26 952,12 367,75 082,-0.00166333998669328
228,SödervidingeBagaren Aktiebolag,2015,23.4,132 264,27 999,346,64 073,0.1963313373975651
229,SödervidingeBagaren Aktiebolag,2014,21.6,110 558,24 158,1 802,47 527,0.17068160399834814
230,SödervidingeBagaren Aktiebolag,2013,1.4,94 439,14 269,9 531,35 621,0.030003926358956462
231,SödervidingeBagaren Aktiebolag,2012,7.1,91 688,13 076,8 824,35 665,0.09123800909285663
232,SödervidingeBagaren Aktiebolag,2011,8.4,84 022,11 379,10 566,34 970,0.2099942396313364
233,SödervidingeBagaren Aktiebolag,2010,5.1,69 440,8 747,8 987,29 487,-
234,Källbergs Industri Aktiebolag,2018,8,396 884,70 632,0,166 724,0.25751402046829946
235,Källbergs Industri Aktiebolag,2017,6.8,315 610,48 384,0,133 587,-0.023375128417769307
236,Källbergs Industri Aktiebolag,2016,11.8,323 164,55 289,0,133 153,0.006493728957670854
237,Källbergs Industri Aktiebolag,2015,12,321 079,57 302,0,121 783,0.06708342472764495
238,Källbergs Industri Aktiebolag,2014,"- 0,8",300 894,62 386,7 666,121 245,-0.0992599954498102
239,Källbergs Industri Aktiebolag,2013,"- 1,4",334 052,48 275,20 184,120 784,-0.10784572940953388
240,Källbergs Industri Aktiebolag,2012,"- 1,6",374 433,51 870,36 058,144 635,0.16983625610407627
241,Källbergs Industri Aktiebolag,2011,4.3,320 073,40 399,11 353,116 334,-0.06046302737832102
242,Källbergs Industri Aktiebolag,2010,"- 1,8",340 671,49 312,10 142,118 184,-
243,Kahls Kaffe Aktiebolag,2018,9.3,166 848,47 878,0,90 331,-0.0608102403026158
244,Kahls Kaffe Aktiebolag,2017,"- 0,2",177 651,55 447,0,88 405,0.06981939936286938
245,Kahls Kaffe Aktiebolag,2016,3.1,166 057,60 388,0,93 342,-0.00783896659476964
246,Kahls Kaffe Aktiebolag,2015,0.9,167 369,36 955,0,67 955,0.2125728113136465
247,Kahls Kaffe Aktiebolag,2014,21.4,138 028,20 953,0,51 912,0.030467274369713394
248,Kahls Kaffe Aktiebolag,2013,34.9,133 947,27 063,0,50 023,-0.04081033470346448
249,Kahls Kaffe Aktiebolag,2012,21.5,139 646,41 586,0,51 738,0.04073632434043822
250,Kahls Kaffe Aktiebolag,2011,9.5,134 180,40 300,0,44 570,0.2201398550526957
251,Kahls Kaffe Aktiebolag,2010,13.8,109 971,32 218,0,36 483,-
252,Grevskapet Dals Konfektyr Aktiebolag,2018,1.5,109 626,28 815,2 750,44 812,-0.0021209004269108584
253,Grevskapet Dals Konfektyr Aktiebolag,2017,"- 6,5",109 859,31 713,4 456,49 896,-0.032956876138834364
254,Grevskapet Dals Konfektyr Aktiebolag,2016,0.3,113 603,28 529,4 070,50 472,0.18027864645562125
255,Grevskapet Dals Konfektyr Aktiebolag,2015,"- 5,6",96 251,26 598,2 934,48 425,-0.08146048651073129
256,Grevskapet Dals Konfektyr Aktiebolag,2014,8.5,104 787,24 716,4 148,53 500,-0.09523645060742378
257,Grevskapet Dals Konfektyr Aktiebolag,2013,10.8,115 817,23 767,1 185,48 706,0.016616340718373653
258,Grevskapet Dals Konfektyr Aktiebolag,2012,11.2,113 924,24 517,3 585,50 558,0.013964665568955544
259,Grevskapet Dals Konfektyr Aktiebolag,2011,16.8,112 355,25 411,4 830,51 478,0.012818548132656649
260,Grevskapet Dals Konfektyr Aktiebolag,2010,19.2,110 933,19 488,8 236,46 889,-
261,Abdon Food AB,2018,5.3,182 339,43 337,15 344,98 687,-0.06976542491862826
262,Abdon Food AB,2017,20.2,196 014,34 663,18 147,93 325,0.02943122735150465
263,Abdon Food AB,2016,17.1,190 410,31 737,20 951,87 240,0.03594609445982928
264,Abdon Food AB,2015,2.6,183 803,35 543,14 469,90 466,0.018722460856311487
265,Abdon Food AB,2014,20.2,180 425,33 782,15 844,89 697,-0.17989381914709865
266,Abdon Food AB,2013,25.8,220 002,38 738,17 219,92 732,0.03258721762516486
267,Abdon Food AB,2012,7.3,213 059,42 686,23 794,96 925,0.0722269472137368
268,Abdon Food AB,2011,8.6,198 707,52 484,16 950,102 324,0.3231432033986336
269,Abdon Food AB,2010,13.1,150 178,30 476,9 150,73 999,-
270,HKScan Sweden AB,2018,4.8,7 331 823,873 336,384 606,1 822 096,-0.04572036510797664
271,HKScan Sweden AB,2017,4.4,7 683 097,868 714,230 511,1 628 163,-0.018833109360734995
272,HKScan Sweden AB,2016,6.2,7 830 571,817 272,230 511,1 612 969,-0.029221404317901725
273,HKScan Sweden AB,2015,11.1,8 066 279,753 256,230 511,1 630 191,-0.011243074282912479
274,HKScan Sweden AB,2014,"- 1,6",8 158 000,840 000,311 000,1 844 000,0.04845135586685516
275,HKScan Sweden AB,2013,"- 3,1",7 781 000,1 052 500,610 000,2 414 200,0.11813648708847663
276,HKScan Sweden AB,2012,"- 5,3",6 958 900,1 175 600,796 900,2 847 100,0.012851861555031584
277,HKScan Sweden AB,2011,0.3,6 870 600,1 073 700,1 017 300,3 085 900,-0.033602925662845486
278,HKScan Sweden AB,2010,"- 0,5",7 109 500,1 208 500,982 000,3 236 200,-
279,Aktiebolaget Åbro Bryggeri,2018,11,1 165 855,305 229,338 064,1 313 427,0.06901604365355538
280,Aktiebolaget Åbro Bryggeri,2017,10.3,1 090 587,301 634,366 832,1 292 164,-0.30248947581836627
281,Aktiebolaget Åbro Bryggeri,2016,0,1 563 542,245 252,308 893,0,0.013496940468782411
282,Aktiebolaget Åbro Bryggeri,2015,10.8,1 542 720,220 870,345 427,1 108 562,0.08977397390425343
283,Aktiebolaget Åbro Bryggeri,2014,7.3,1 415 633,214 379,345 476,1 027 758,0.44419189471804943
284,Aktiebolaget Åbro Bryggeri,2013,11.3,980 225,192 896,277 564,878 281,-0.28187487270857114
285,Aktiebolaget Åbro Bryggeri,2012,14.5,1 364 978,193 843,224 394,761 662,0.6548317015096188
286,Aktiebolaget Åbro Bryggeri,2011,15.4,824 844,181 617,151 682,592 275,0.11687421888646214
287,Aktiebolaget Åbro Bryggeri,2010,11.1,738 529,162 136,153 261,508 055,-
288,Lantmännen Cerealia AB,2018,- 3,1 979 205,1 363 291,267 158,1 902 888,0.004024305118725371
289,Lantmännen Cerealia AB,2017,"- 1,8",1 971 272,1 375 733,256 149,1 928 416,-0.007398918209073065
290,Lantmännen Cerealia AB,2016,10,1 985 966,1 085 351,0,1 404 440,0.007931122512420452
291,Lantmännen Cerealia AB,2015,3.6,1 970 339,508 956,562 000,1 370 639,0.13628782697256192
292,Lantmännen Cerealia AB,2014,5.4,1 734 014,273 617,562 000,1 133 939,-0.051600397733923005
293,Lantmännen Cerealia AB,2013,9,1 828 358,266 866,582 000,1 148 328,-0.005172850018907809
294,Lantmännen Cerealia AB,2012,"- 8,9",1 837 865,1 535 993,582 000,2 220 001,-0.05558093489966994
295,Lantmännen Cerealia AB,2011,"- 1,6",1 946 027,1 574 887,639 237,2 509 024,0.0658857217660594
296,Lantmännen Cerealia AB,2010,"- 3,5",1 825 737,1 735 163,640 550,2 817 900,-
297,Estrella AB,2018,12.1,941 009,310 878,0,680 137,0.12450855502630201
298,Estrella AB,2017,10.2,836 818,264 418,0,570 429,0.13246190135288935
299,Estrella AB,2016,3.6,738 937,194 911,0,457 899,0.0668444411077648
300,Estrella AB,2015,15.6,692 638,219 356,0,322 587,0.10317619589142768
301,Estrella AB,2014,8.7,627 858,253 162,0,311 582,0.12700726258387154
302,Estrella AB,2013,3.3,557 102,243 180,0,291 019,0.07197050600443719
303,Estrella AB,2012,"- 6,5",519 699,237 884,0,282 388,0.05658869811838614
304,Estrella AB,2011,"- 9,6",491 865,221 098,0,286 894,-0.0834375308632773
305,Estrella AB,2010,0,536 641,169 326,0,257 770,-
306,Inpac i Lund AB,2018,- 17,109 548,58 817,21 082,81 870,0.765877877361532
307,Inpac i Lund AB,2017,"- 4,6",62 036,51 697,7 859,65 260,0.013279323130196169
308,Inpac i Lund AB,2016,0,61 223,16 938,2 248,27 954,0.4137301990486307
309,Inpac i Lund AB,2015,17.8,43 306,7 102,0,19 661,0.2274595391287095
310,Inpac i Lund AB,2014,"- 9,9",35 281,6 632,0,16 537,-0.020733873653824803
311,Inpac i Lund AB,2013,4.9,36 028,6 032,0,18 206,-0.0679842715231788
312,Inpac i Lund AB,2012,25.8,38 656,7 777,0,19 885,0.1281811814148961
313,Inpac i Lund AB,2011,16.3,34 264,6 919,0,15 396,-0.0011369267994053
314,Inpac i Lund AB,2010,29.7,34 303,9 233,0,16 560,-
315,Lantmännen Reppe AB,2018,- 11,474 483,157 425,0,246 563,0.05038485974811997
316,Lantmännen Reppe AB,2017,3.1,451 723,180 453,0,280 780,-0.03102825469553056
317,Lantmännen Reppe AB,2016,9.8,466 188,185 398,0,241 700,0.061909892507898474
318,Lantmännen Reppe AB,2015,7.1,439 009,179 076,0,235 557,0.019095461055798395
319,Lantmännen Reppe AB,2014,2.2,430 783,184 129,0,240 764,0.037758757338434
320,Lantmännen Reppe AB,2013,"- 6,8",415 109,193 301,0,250 095,0.03571918671234278
321,Lantmännen Reppe AB,2012,"- 2,9",400 793,179 979,0,236 854,0.09250173091495892
322,Lantmännen Reppe AB,2011,3.5,366 858,160 467,0,217 451,0.2853764247098024
323,Lantmännen Reppe AB,2010,4.4,285 409,139 459,0,202 432,-
324,Lantmännen Unibake Sweden AB,2018,13.9,1 616 078,301 983,0,457 008,0.025721127756413144
325,Lantmännen Unibake Sweden AB,2017,28.3,1 575 553,335 078,0,511 634,0.012850001671419498
326,Lantmännen Unibake Sweden AB,2016,23,1 555 564,352 544,0,524 310,0.7804102271803834
327,Lantmännen Unibake Sweden AB,2015,133.3,873 711,192 213,0,288 276,-0.016000351383798954
328,Lantmännen Unibake Sweden AB,2014,9.6,887 918,189 985,0,287 123,0.0052861650565129426
329,Lantmännen Unibake Sweden AB,2013,6,883 249,146 402,0,239 209,0.0005698128340428617
330,Lantmännen Unibake Sweden AB,2012,18.7,882 746,169 703,0,270 340,0.08309734730436064
331,Lantmännen Unibake Sweden AB,2011,30.3,815 020,131 070,0,233 004,0.07228186506683507
332,Lantmännen Unibake Sweden AB,2010,19.4,760 080,164 681,0,358 024,-
333,Gudruns AB,2018,"- 9,9",399 798,53 918,18 900,84 680,-0.02299086523658011
334,Gudruns AB,2017,"- 11,5",409 206,56 829,33 400,102 197,0.02892876809462385
335,Gudruns AB,2016,"- 4,9",397 701,67 354,13 400,94 528,0.1941430986389145
336,Gudruns AB,2015,18.9,333 043,28 707,23 000,61 456,-0.2523146069433718
337,Gudruns AB,2014,8.4,445 432,49 472,14 000,71 624,0.7809586258736226
338,Gudruns AB,2013,6.3,250 108,34 727,12 600,53 093,0.05550397542159726
339,Gudruns AB,2012,15.6,236 956,17 154,17 000,38 346,0.017974670493014624
340,Gudruns AB,2011,16.7,232 772,19 915,18 000,42 107,0.1648792693606906
341,Gudruns AB,2010,13.9,199 825,19 730,16 000,39 900,-
342,Bröderna Nilsson Delikatesser Aktiebolag,2018,1.1,184 289,31 601,2 199,127 183,-0.0779464446534713
343,Bröderna Nilsson Delikatesser Aktiebolag,2017,"- 7,5",199 868,35 199,2 165,130 208,0.04955049571500588
344,Bröderna Nilsson Delikatesser Aktiebolag,2016,"- 3,3",190 432,30 511,2 219,135 407,-0.10493612461106046
345,Bröderna Nilsson Delikatesser Aktiebolag,2015,9.2,212 758,33 261,1 673,142 165,-0.08102644730192599
346,Bröderna Nilsson Delikatesser Aktiebolag,2014,0,231 517,38 108,0,123 142,0.031127520843725505
347,Bröderna Nilsson Delikatesser Aktiebolag,2013,24.2,224 528,39 830,204,104 215,0.008475527867733257
348,Bröderna Nilsson Delikatesser Aktiebolag,2012,20.2,222 641,39 429,102,102 656,-0.01572516114200833
349,Bröderna Nilsson Delikatesser Aktiebolag,2011,13.7,226 198,51 679,102,98 877,0.03527850244862465
350,Bröderna Nilsson Delikatesser Aktiebolag,2010,18.2,218 490,46 594,102,100 033,-
351,Kopparbergs Bryggeri Aktiebolag,2018,16.5,3 025 696,794 390,51 120,1 701 010,0.5785570142762637
352,Kopparbergs Bryggeri Aktiebolag,2017,15.1,1 916 748,836 252,64 828,1 677 764,0.014050439373819563
353,Kopparbergs Bryggeri Aktiebolag,2016,18.7,1 890 190,883 548,86 442,1 692 975,-0.04161070286478892
354,Kopparbergs Bryggeri Aktiebolag,2015,20.6,1 972 257,780 769,90 209,1 492 636,0.11375728902075542
355,Kopparbergs Bryggeri Aktiebolag,2014,16.7,1 770 814,812 359,87 176,1 341 753,0.10027401005324867
356,Kopparbergs Bryggeri Aktiebolag,2013,11.6,1 609 430,776 442,74 645,1 188 700,0.06289199768326356
357,Kopparbergs Bryggeri Aktiebolag,2012,11.5,1 514 199,649 994,38 374,959 438,0.13505192892240458
358,Kopparbergs Bryggeri Aktiebolag,2011,12.1,1 334 035,642 562,46 489,919 580,0.2203027808269301
359,Kopparbergs Bryggeri Aktiebolag,2010,10.7,1 093 200,465 643,47 861,704 797,-
360,Nordic Lunch AB,2018,"- 50,6",163 516,78 583,0,92 853,0.1617725422211486
361,Nordic Lunch AB,2017,"- 9,5",140 747,25 437,0,67 293,-0.04826723467559252
362,Nordic Lunch AB,2016,7.1,147 885,37 325,0,85 717,-0.038771530711732206
363,Nordic Lunch AB,2015,6.8,153 850,36 038,0,84 095,0.02964797215901486
364,Nordic Lunch AB,2014,6.4,149 420,32 190,0,74 539,-0.0017570465583934048
365,Nordic Lunch AB,2013,2,149 683,35 580,273,73 436,
366,Nordic Lunch AB,2012,62.9,0,18 395,0,54 941,
367,Nordic Lunch AB,2011,1.5,0,67 025,0,69 853,
368,Nordic Lunch AB,2010,2,0,66 774,0,69 133,-
369,HFG Sverige AB,2018,10.6,2 392 036,281 908,0,447 736,-0.027043077100794705
370,HFG Sverige AB,2017,9.8,2 458 522,278 454,0,420 890,0.014894480402205874
371,HFG Sverige AB,2016,10.9,2 422 441,328 711,56 910,496 067,0.03259807149887445
372,HFG Sverige AB,2015,8.3,2 345 967,316 981,114 410,540 432,0.05083873429934812
373,HFG Sverige AB,2014,8.8,2 232 471,356 426,89 030,554 578,-0.01434026608081146
374,HFG Sverige AB,2013,18.1,2 264 951,294 198,0,384 060,0.0004050292530942557
375,HFG Sverige AB,2012,19,2 264 034,272 502,0,372 461,0.024473879023397836
376,HFG Sverige AB,2011,19.3,2 209 948,260 091,0,354 048,0.0662916062541163
377,HFG Sverige AB,2010,16.9,2 072 555,264 231,0,374 076,-
378,Fiedler & Lundgren AB,2018,12.3,318 581,228 867,0,322 136,0.5492698156424309
379,Fiedler & Lundgren AB,2017,2.3,205 633,128 014,0,222 190,0.1815543910455308
380,Fiedler & Lundgren AB,2016,7.7,174 036,124 952,0,219 508,0.16399582653361514
381,Fiedler & Lundgren AB,2015,3.6,149 516,118 396,0,212 853,0.011158751842884774
382,Fiedler & Lundgren AB,2014,7.2,147 866,97 915,0,191 994,-0.04109517973061484
383,Fiedler & Lundgren AB,2013,4.3,154 203,89 714,0,183 558,-0.07005228592622076
384,Fiedler & Lundgren AB,2012,11.7,165 819,78 268,0,172 000,0.08535204445637162
385,Fiedler & Lundgren AB,2011,9.2,152 779,90 039,0,185 831,0.021680253047740693
386,Fiedler & Lundgren AB,2010,11.5,149 537,76 094,0,172 226,-
387,Unilever Produktion AB,2018,5.6,164 695,70 333,0,194 712,0.013613731898106263
388,Unilever Produktion AB,2017,5.6,162 483,69 448,0,190 683,-0.04356502083774811
389,Unilever Produktion AB,2016,5,169 884,72 424,0,192 671,-0.36449437193486484
390,Unilever Produktion AB,2015,47.5,267 321,47 295,0,282 527,7.224249323160226
391,Unilever Produktion AB,2014,4.6,32 504,506 492,0,732 417,
392,Unilever Produktion AB,2013,4.2,0,545 348,0,776 605,
393,Unilever Produktion AB,2012,5,0,401 390,0,631 790,
394,Unilever Produktion AB,2011,5.6,0,311 108,213,547 175,
395,Unilever Produktion AB,2010,7.9,0,334 806,423,544 063,-
396,Credin Sverige AB,2018,0.8,241 596,25 880,0,108 367,-0.012277237437601953
397,Credin Sverige AB,2017,"- 1,6",244 599,25 736,0,107 398,-0.018935504572437027
398,Credin Sverige AB,2016,8.2,249 320,24 093,0,107 521,0.1346652710144268
399,Credin Sverige AB,2015,0.8,219 730,27 431,2 763,106 466,0.04908593500088327
400,Credin Sverige AB,2014,1.3,209 449,20 903,18 475,115 510,-0.07717489480756945
401,Credin Sverige AB,2013,2.5,226 965,15 834,23 475,114 183,0.10901272873860887
402,Credin Sverige AB,2012,4.3,204 655,13 960,25 850,105 298,-0.08536939626469786
403,Credin Sverige AB,2011,"- 0,1",223 757,15 305,38 600,118 965,0.05101551931459492
404,Credin Sverige AB,2010,3.6,212 896,16 727,51 350,135 077,-
405,Aktiebolaget Jakobsdals Charkuteri,2018,24.4,276 624,39 053,0,77 346,0.1153114214753411
406,Aktiebolaget Jakobsdals Charkuteri,2017,20,248 024,32 505,0,56 183,-0.009544194813389027
407,Aktiebolaget Jakobsdals Charkuteri,2016,20.1,250 414,31 487,0,84 959,0.04525570600904947
408,Aktiebolaget Jakobsdals Charkuteri,2015,8.4,239 572,28 665,0,77 180,0.10383530842809488
409,Aktiebolaget Jakobsdals Charkuteri,2014,15.3,217 036,27 459,0,86 478,0.0035650706309388945
410,Aktiebolaget Jakobsdals Charkuteri,2013,21.1,216 265,24 914,0,82 594,0.0036709765447339353
411,Aktiebolaget Jakobsdals Charkuteri,2012,17.2,215 474,24 749,0,80 456,0.03586297076158335
412,Aktiebolaget Jakobsdals Charkuteri,2011,14.5,208 014,24 462,0,78 367,0.019316711748794544
413,Aktiebolaget Jakobsdals Charkuteri,2010,29.7,204 072,23 364,0,75 704,-
414,AAK Sweden AB,2018,20.4,7 409 298,1 306 182,0,3 614 267,0.05038751063068775
415,AAK Sweden AB,2017,16.5,7 053 871,1 320 560,0,4 358 909,0.21063888542296505
416,AAK Sweden AB,2016,16.9,5 826 569,1 322 744,0,3 771 870,0.04076466046984525
417,AAK Sweden AB,2015,10.6,5 598 354,1 287 127,0,3 230 327,-0.008740872422853823
418,AAK Sweden AB,2014,17.5,5 647 720,1 163 257,0,2 926 448,0.07864717034933055
419,AAK Sweden AB,2013,20.5,5 235 929,991 842,20 085,2 405 650,-0.0069162130144294984
420,AAK Sweden AB,2012,12.1,5 272 394,677 400,759 572,2 485 107,0.03278373181598078
421,AAK Sweden AB,2011,11.4,5 105 032,668 127,806 558,2 480 335,0.10845363761588207
422,AAK Sweden AB,2010,14.8,4 605 544,823 051,500 000,2 278 338,-
423,3 N Produkter Aktiebolag,2018,13.5,358 043,63 507,0,133 702,0.08301623119317117
424,3 N Produkter Aktiebolag,2017,17.7,330 598,49 032,0,124 714,0.1332094770614528
425,3 N Produkter Aktiebolag,2016,16.6,291 736,49 715,0,107 563,0.07953611947809741
426,3 N Produkter Aktiebolag,2015,7.5,270 242,57 827,12 633,114 135,0.08752796870724208
427,3 N Produkter Aktiebolag,2014,6.2,248 492,48 726,26 088,116 967,0.044562425648721475
428,3 N Produkter Aktiebolag,2013,3.5,237 891,57 751,26 029,121 558,0.13984331951797993
429,3 N Produkter Aktiebolag,2012,5,208 705,66 331,30 215,131 511,-0.023099606815203146
430,3 N Produkter Aktiebolag,2011,8.9,213 640,46 304,25 027,111 720,0.12062273137365981
431,3 N Produkter Aktiebolag,2010,9.2,190 644,29 230,20 189,101 964,-
432,Krönleins Bryggeri Aktiebolag,2018,"- 7,8",190 211,75 252,54 471,168 791,0.038774295372752045
433,Krönleins Bryggeri Aktiebolag,2017,"- 6,6",183 111,55 883,69 891,138 796,-0.030363525642722867
434,Krönleins Bryggeri Aktiebolag,2016,0.1,188 845,55 125,36 529,115 587,-0.012187786059892769
435,Krönleins Bryggeri Aktiebolag,2015,"- 0,2",191 175,55 927,28 281,108 800,-0.06197560425110154
436,Krönleins Bryggeri Aktiebolag,2014,3.9,203 806,59 087,27 762,112 363,0.002765149278699494
437,Krönleins Bryggeri Aktiebolag,2013,2.7,203 244,61 304,26 195,109 588,-0.03517158549842632
438,Krönleins Bryggeri Aktiebolag,2012,2,210 653,66 070,24 001,110 363,-0.0010053825907571194
439,Krönleins Bryggeri Aktiebolag,2011,2.5,210 865,66 785,23 168,109 529,0.10593338123534748
440,Krönleins Bryggeri Aktiebolag,2010,1,190 667,60 571,20 830,99 489,-
441,Trensums Food AB,2018,8.8,548 606,122 601,40 000,227 411,0.3482774383500371
442,Trensums Food AB,2017,11.1,406 894,78 645,42 302,187 186,-0.02029268856453547
443,Trensums Food AB,2016,5,415 322,66 271,50 017,169 555,-0.06052113093420377
444,Trensums Food AB,2015,11.4,442 077,83 656,40 340,170 729,-0.18120242262599323
445,Trensums Food AB,2014,7.5,539 910,66 050,33 489,146 422,0.4789542598243586
446,Trensums Food AB,2013,8.6,365 062,59 866,39 707,138 416,0.03170323645448277
447,Trensums Food AB,2012,2.4,353 844,46 480,35 399,110 873,0.04984823894873948
448,Trensums Food AB,2011,6.2,337 043,46 506,36 658,111 204,0.1312483427815761
449,Trensums Food AB,2010,7.4,297 939,46 358,29 956,99 362,-
450,D & E Konditori AB,2018,18.1,101 642,7 050,0,37 146,0.03790462575308894
451,D & E Konditori AB,2017,23.2,97 930,6 338,0,37 129,0.0959164717599794
452,D & E Konditori AB,2016,27.6,89 359,5 822,0,31 614,0.0867487169508428
453,D & E Konditori AB,2015,30.4,82 226,4 744,0,23 450,0.6333154559720319
454,D & E Konditori AB,2014,22.4,50 343,4 698,0,20 642,0.06769739772221162
455,D & E Konditori AB,2013,37.3,47 151,6 713,0,18 965,0.13949104618284638
456,D & E Konditori AB,2012,42.7,41 379,3 071,0,13 770,0.09479839136416553
457,D & E Konditori AB,2011,40,37 796,3 994,0,12 074,0.07546096061916685
458,D & E Konditori AB,2010,31,35 144,4 965,0,11 251,-
459,Orkla Confectionery & Snacks Sverige AB,2018,13,1 689 689,397 150,0,958 700,0.03213083230712094
460,Orkla Confectionery & Snacks Sverige AB,2017,15.7,1 637 088,387 142,0,960 667,0.06480938855128014
461,Orkla Confectionery & Snacks Sverige AB,2016,14.2,1 537 447,343 762,0,908 554,0.08487202302618813
462,Orkla Confectionery & Snacks Sverige AB,2015,14.6,1 417 169,328 817,0,871 156,0.01849969958919901
463,Orkla Confectionery & Snacks Sverige AB,2014,9.2,1 391 428,361 150,0,975 164,0.695409910771619
464,Orkla Confectionery & Snacks Sverige AB,2013,7.1,820 703,903 758,0,1 656 619,0.017874439873445197
465,Orkla Confectionery & Snacks Sverige AB,2012,22,806 291,207 355,0,787 966,0.01308366357657832
466,Orkla Confectionery & Snacks Sverige AB,2011,23.7,795 878,219 317,0,735 577,0.04030356423944244
467,Orkla Confectionery & Snacks Sverige AB,2010,22.5,765 044,220 554,6,663 931,-
468,BRING FRIGO AB,2018,"- 6,1",2 127 820,532 188,0,901 724,0.03628421719588354
469,BRING FRIGO AB,2017,22.9,2 053 317,539 286,0,1 034 954,0.05634441903595801
470,BRING FRIGO AB,2016,0.7,1 943 795,516 324,0,813 430,0.09356601441476514
471,BRING FRIGO AB,2015,"- 13,7",1 777 483,458 577,0,783 592,0.06663742261929051
472,BRING FRIGO AB,2014,4.5,1 666 436,323 358,0,654 577,0.016764289549470394
473,BRING FRIGO AB,2013,"- 16,8",1 638 960,390 684,0,733 483,-0.00035314804954319476
474,BRING FRIGO AB,2012,6.4,1 639 539,489 290,0,676 008,0.004918744184849165
475,BRING FRIGO AB,2011,1.3,1 631 514,505 114,0,677 065,0.040641103408158075
476,BRING FRIGO AB,2010,7.1,1 567 797,419 832,0,589 345,-
477,Barilla Sverige AB,2018,8.5,1 306 551,282 617,312,1 339 056,0.05563244579641996
478,Barilla Sverige AB,2017,10.8,1 237 695,266 443,312,1 350 647,-0.0183303378949656
479,Barilla Sverige AB,2016,8.6,1 260 806,284 489,312,1 329 292,0.00028481959177974165
480,Barilla Sverige AB,2015,4.8,1 260 447,239 694,312,1 229 807,0.03159151677746887
481,Barilla Sverige AB,2014,7.7,1 221 847,249 122,61 509,1 349 009,0.027694882750731755
482,Barilla Sverige AB,2013,12.8,1 188 920,221 436,40 269,1 375 320,0.044818616422947134
483,Barilla Sverige AB,2012,1.1,1 137 920,242 283,30 406,1 239 247,0.0614440198162584
484,Barilla Sverige AB,2011,10.3,1 072 049,259 687,45 557,1 425 685,0.027086245433651058
485,Barilla Sverige AB,2010,5.6,1 043 777,259 019,36 561,1 617 225,-
486,Nyhléns & Hugosons Chark AB,2018,11.7,541 530,97 592,43 038,210 850,0.03687152121591582
487,Nyhléns & Hugosons Chark AB,2017,15.5,522 273,81 428,34 780,198 949,0.06725505301811954
488,Nyhléns & Hugosons Chark AB,2016,10.2,489 361,85 553,30 389,177 501,0.06476803439557523
489,Nyhléns & Hugosons Chark AB,2015,7.7,459 594,92 162,30 961,175 824,0.0375027371377102
490,Nyhléns & Hugosons Chark AB,2014,4.7,442 981,89 821,33 439,178 670,-0.06608127338849945
491,Nyhléns & Hugosons Chark AB,2013,"- 5,8",474 325,105 958,29 460,181 402,0.0037286033819829314
492,Nyhléns & Hugosons Chark AB,2012,"- 5,6",472 563,88 665,28 081,163 129,-0.007452043746101224
493,Nyhléns & Hugosons Chark AB,2011,0.3,476 111,78 341,27 000,156 856,-0.018954894809503204
494,Nyhléns & Hugosons Chark AB,2010,7.2,485 310,81 488,29 000,158 693,-
495,Nordic Sugar AB,2018,0,2 313 443,627 766,0,2 421 552,-0.1873708665892481
496,Nordic Sugar AB,2017,11,2 846 862,433 626,0,2 475 636,-0.07595396878669829
497,Nordic Sugar AB,2016,11.3,3 080 866,326 299,0,2 412 441,0.31680129454762423
498,Nordic Sugar AB,2015,2.7,2 339 659,1 333 213,0,2 738 690,-0.2210694144950812
499,Nordic Sugar AB,2014,9.4,3 003 681,1 646 560,0,3 192 109,-0.04567671693175991
500,Nordic Sugar AB,2013,23,3 147 446,1 217 508,0,3 177 810,0.008544658707118092
501,Nordic Sugar AB,2012,29.7,3 120 780,1 188 450,0,2 687 353,-0.005423865582212245
502,Nordic Sugar AB,2011,21.4,3 137 799,772 516,0,2 613 558,-0.06062865870854212
503,Nordic Sugar AB,2010,18.1,3 340 318,780 204,1 445,2 430 094,-
504,Nordic Sea Winery AB,2018,"- 5,6",142 202,37 632,39 213,125 348,-0.09074516925201734
505,Nordic Sea Winery AB,2017,1.6,156 394,45 925,42 986,145 498,0.11549846292109187
506,Nordic Sea Winery AB,2016,0.5,140 201,46 429,46 759,150 493,0.020853812155500702
507,Nordic Sea Winery AB,2015,1.6,137 337,43 906,50 532,153 698,-0.07140104261749732
508,Nordic Sea Winery AB,2014,2.3,147 897,29 252,54 305,143 132,-0.014965632992327366
509,Nordic Sea Winery AB,2013,5.7,150 144,37 931,93 625,190 981,0.016898184207139906
510,Nordic Sea Winery AB,2012,2.2,147 649,39 011,97 955,189 239,-0.030761151409721993
511,Nordic Sea Winery AB,2011,11.7,152 335,101 858,42 618,189 495,0.04226961418200976
512,Nordic Sea Winery AB,2010,19.7,146 157,33 743,100 400,163 226,-
513,Marenor Varberg AB,2018,"- 21,4",273 716,36 706,44 955,129 661,-0.071280248639405
514,Marenor Varberg AB,2017,"- 5,4",294 724,29 292,38 983,144 908,0.10917336243719775
515,Marenor Varberg AB,2016,4.3,265 715,29 203,28 978,136 893,0.06714565695834471
516,Marenor Varberg AB,2015,4.8,248 996,27 412,10 639,113 119,-0.016183838288053354
517,Marenor Varberg AB,2014,7.2,253 092,33 507,10 486,116 969,-0.0052470846254524875
518,Marenor Varberg AB,2013,12.4,254 427,25 640,4 680,109 237,0.0769898280978162
519,Marenor Varberg AB,2012,1.6,236 239,27 205,11 158,109 633,-0.05133662352473466
520,Marenor Varberg AB,2011,7.8,249 023,31 169,15 882,118 042,-0.034910534005603976
521,Marenor Varberg AB,2010,13.4,258 031,42 350,11 192,117 736,-
522,Österlenmejeriet AB,2018,"- 10,9",519 618,75 042,0,215 472,0.04032209626850432
523,Österlenmejeriet AB,2017,1.3,499 478,88 692,0,252 886,-0.12823001080379162
524,Österlenmejeriet AB,2016,6.9,572 947,99 809,0,317 976,-0.018563372754306386
525,Österlenmejeriet AB,2015,1.9,583 784,108 669,0,353 945,-0.013856723205070382
526,Österlenmejeriet AB,2014,8.1,591 987,121 908,0,361 811,-0.05617026297076933
527,Österlenmejeriet AB,2013,3.7,627 218,131 932,0,381 477,-0.09680550195552125
528,Österlenmejeriet AB,2012,5.4,694 444,131 272,0,367 255,0.027550031443051085
529,Österlenmejeriet AB,2011,1.9,675 825,133 699,0,355 762,3.539241696611479
530,Österlenmejeriet AB,2010,3.3,148 885,75 284,0,292 619,-
531,Bakels Sweden AB,2018,"- 10,1",400 731,56 601,114 114,226 397,0.05457746478873239
532,Bakels Sweden AB,2017,2.9,379 992,53 066,138 780,224 271,0.049249494692894774
533,Bakels Sweden AB,2016,1.9,362 156,46 584,145 781,222 229,-0.009336130798836882
534,Bakels Sweden AB,2015,"- 3,2",365 569,48 971,141 928,220 616,-0.04210032596505571
535,Bakels Sweden AB,2014,"- 2,5",381 636,71 334,118 331,230 390,0.612394323352585
536,Bakels Sweden AB,2013,"- 1,5",236 689,55 459,81 316,186 794,0.10932542193351237
537,Bakels Sweden AB,2012,"- 0,5",213 363,28 535,12 308,95 111,0.007460466609690107
538,Bakels Sweden AB,2011,5.9,211 783,28 809,308,86 116,0.007415899231296141
539,Bakels Sweden AB,2010,2.6,210 224,29 040,308,84 550,-
540,Steglinge AB,2018,3.3,325 648,51 860,98,70 443,0.04809722436788712
541,Steglinge AB,2017,8.7,310 704,46 158,1 272,63 831,0.06984367467805247
542,Steglinge AB,2016,6.6,290 420,41 666,2 447,55 736,0.0038679437679095476
543,Steglinge AB,2015,18.7,289 301,38 934,3 621,51 273,0.5625307185023953
544,Steglinge AB,2014,0.7,185 149,22 864,9 795,33 650,
545,Steglinge AB,2013,-,-,-,-,-,
546,Steglinge AB,2012,-,-,-,-,-,
547,Steglinge AB,2011,-,-,-,-,-,
548,Steglinge AB,2010,-,-,-,-,-,-
549,Polarbröd Aktiebolag,2018,4.2,880 385,260 421,114,724 568,0.028943923704448236
550,Polarbröd Aktiebolag,2017,2.7,855 620,241 710,124,677 023,0.05169095070344631
551,Polarbröd Aktiebolag,2016,9.4,813 566,215 856,123,649 044,0.03150690489352315
552,Polarbröd Aktiebolag,2015,13.4,788 716,182 570,131,584 528,-0.00040175759442254
553,Polarbröd Aktiebolag,2014,10.4,789 033,187 951,139,552 760,-0.02677670578309746
554,Polarbröd Aktiebolag,2013,14.1,810 742,154 594,131,527 776,0.0017644573058170252
555,Polarbröd Aktiebolag,2012,15.2,809 314,134 200,129,521 849,0.010508204540403398
556,Polarbröd Aktiebolag,2011,14.6,800 898,119 978,39 059,520 315,0.12621230891677201
557,Polarbröd Aktiebolag,2010,4,711 143,101 613,133 993,537 739,-
558,Signal & Andersson Charkuterifabrik AB,2018,10.1,384 411,61 672,6 618,107 092,0.02616594902952145
559,Signal & Andersson Charkuterifabrik AB,2017,11.5,374 609,62 991,7 658,106 708,0.07027779126941724
560,Signal & Andersson Charkuterifabrik AB,2016,8.9,350 011,63 634,6 721,102 193,0.05231652686329335
561,Signal & Andersson Charkuterifabrik AB,2015,8.7,332 610,62 707,4 988,107 107,0.04836320311662769
562,Signal & Andersson Charkuterifabrik AB,2014,12.6,317 266,43 522,3 893,84 013,0.04073164091074598
563,Signal & Andersson Charkuterifabrik AB,2013,13.8,304 849,39 767,7 379,81 264,0.03217931571551914
564,Signal & Andersson Charkuterifabrik AB,2012,20.2,295 345,45 346,1 606,75 944,0.1601310398736738
565,Signal & Andersson Charkuterifabrik AB,2011,16.6,254 579,41 572,4 651,66 832,0.038542656783515754
566,Signal & Andersson Charkuterifabrik AB,2010,20.3,245 131,36 659,7 120,56 546,-
567,Cloetta Sverige AB,2018,2.7,2 236 248,428 274,1 854 928,2 784 538,-0.010117285437058232
568,Cloetta Sverige AB,2017,0.6,2 259 104,512 553,1 782 966,2 922 779,-0.028755510021758485
569,Cloetta Sverige AB,2016,4.4,2 325 989,476 161,1 676 301,2 897 812,-0.01113183426559186
570,Cloetta Sverige AB,2015,4.3,2 352 173,451 926,1 742 048,2 932 530,0.17909850713648015
571,Cloetta Sverige AB,2014,6,1 994 891,561 773,343 816,1 347 061,0.01559416777819637
572,Cloetta Sverige AB,2013,6.8,1 964 260,676 076,178 571,1 328 273,1.002730449198657
573,Cloetta Sverige AB,2012,"- 2,2",980 791,253 027,457 546,1 195 390,-0.007244308404895804
574,Cloetta Sverige AB,2011,19.8,987 948,242 706,827 609,1 594 327,-0.03389939899121271
575,Cloetta Sverige AB,2010,9.3,1 022 614,200 352,692 764,1 342 146,-
576,Charkprodukter i Billesholm AB,2018,0.1,249 871,108 394,392,142 772,0.8086148990995686
577,Charkprodukter i Billesholm AB,2017,10.1,138 156,24 619,0,50 377,-0.018652952792260376
578,Charkprodukter i Billesholm AB,2016,11.3,140 782,31 257,300,52 998,0.01941332792666237
579,Charkprodukter i Billesholm AB,2015,18.5,138 101,28 053,900,45 685,0.10773241357182962
580,Charkprodukter i Billesholm AB,2014,15.6,124 670,27 989,2 925,41 415,0.2157589351016627
581,Charkprodukter i Billesholm AB,2013,5.6,102 545,22 725,5 412,33 423,0.09235685752330226
582,Charkprodukter i Billesholm AB,2012,5.5,93 875,21 895,6 598,32 367,0.19085373588735252
583,Charkprodukter i Billesholm AB,2011,5.1,78 830,16 196,6 782,25 834,-0.03162006780993563
584,Charkprodukter i Billesholm AB,2010,7.6,81 404,15 010,7 718,25 045,-
585,Arla Foods AB,2018,7.1,16 408 000,2 869 000,2 705 000,9 219 000,0.004100116271953981
586,Arla Foods AB,2017,6.8,16 341 000,2 728 000,2 628 000,8 606 000,0.05167975286394645
587,Arla Foods AB,2016,9.3,15 538 000,2 412 000,2 556 000,7 980 000,-0.0169555864861445
588,Arla Foods AB,2015,8.9,15 806 000,2 582 000,2 647 000,7 923 000,-0.06622555680274118
589,Arla Foods AB,2014,6.5,16 927 000,3 116 000,4 845 000,10 192 000,0.02731079686836196
590,Arla Foods AB,2013,7.8,16 477 000,2 933 000,4 581 000,9 633 000,-0.002965024809391262
591,Arla Foods AB,2012,3.5,16 526 000,3 356 000,4 805 000,9 798 000,0.08189852700490999
592,Arla Foods AB,2011,0.8,15 275 000,3 471 000,5 006 000,10 139 000,0.03125843910342965
593,Arla Foods AB,2010,3.9,14 812 000,2 649 000,5 369 000,9 835 000,-
594,Danish Crown Foods Jönköping AB,2018,8.1,1 182 149,170 400,0,273 614,-0.013951412782817224
595,Danish Crown Foods Jönköping AB,2017,7.9,1 198 875,170 938,1 426,301 487,0.08212946289551713
596,Danish Crown Foods Jönköping AB,2016,7.7,1 107 885,169 638,2 501,309 110,0.02522424481342776
597,Danish Crown Foods Jönköping AB,2015,8.5,1 080 627,171 139,3 482,317 793,0.020688111349133485
598,Danish Crown Foods Jönköping AB,2014,7.8,1 058 724,218 210,4 425,364 637,-0.04250435462078172
599,Danish Crown Foods Jönköping AB,2013,7,1 105 722,290 442,4 870,411 860,0.1382989784646807
600,Danish Crown Foods Jönköping AB,2012,7.2,971 381,335 373,0,427 351,0.03218604789547451
601,Danish Crown Foods Jönköping AB,2011,5.9,941 091,343 616,0,435 012,0.055039484481993195
602,Danish Crown Foods Jönköping AB,2010,5.9,891 996,353 282,0,431 049,-
603,Solina Sweden AB,2018,"- 12,8",266 719,72 065,451 879,528 896,-0.008420575201498973
604,Solina Sweden AB,2017,"- 13,3",268 984,54 544,434 701,492 727,-0.11894896478534159
605,Solina Sweden AB,2016,"- 11,6",305 299,41 132,422 547,465 818,
606,Solina Sweden AB,2015,-,-,-,-,-,
607,Solina Sweden AB,2014,-,-,-,-,-,
608,Solina Sweden AB,2013,-,-,-,-,-,
609,Solina Sweden AB,2012,-,-,-,-,-,
610,Solina Sweden AB,2011,-,-,-,-,-,
611,Solina Sweden AB,2010,-,-,-,-,-,-
612,Carlsberg Supply Company Sverige AB,2018,4.2,1 085 428,779 080,0,1 485 218,0.025367120893654206
613,Carlsberg Supply Company Sverige AB,2017,4.1,1 058 575,701 636,0,1 336 109,-0.004494270017322547
614,Carlsberg Supply Company Sverige AB,2016,4.5,1 063 354,704 491,0,1 341 792,0.03279363630182888
615,Carlsberg Supply Company Sverige AB,2015,4.8,1 029 590,570 586,0,1 228 818,-0.016492255374431036
616,Carlsberg Supply Company Sverige AB,2014,2.1,1 046 855,551 658,0,1 217 986,0.41198043185340344
617,Carlsberg Supply Company Sverige AB,2013,5.4,741 409,628 935,0,1 298 761,
618,Carlsberg Supply Company Sverige AB,2012,-,-,-,-,-,
619,Carlsberg Supply Company Sverige AB,2011,-,-,-,-,-,
620,Carlsberg Supply Company Sverige AB,2010,-,-,-,-,-,-
621,Orkla Foods Sverige AB,2018,16.9,5 574 974,1 956 334,0,4 365 814,0.0293237708247479
622,Orkla Foods Sverige AB,2017,22.4,5 416 152,1 244 342,0,3 933 229,0.036114541773221244
623,Orkla Foods Sverige AB,2016,22.8,5 227 368,1 287 518,0,4 129 546,0.03465708787196886
624,Orkla Foods Sverige AB,2015,29.9,5 052 271,1 127 665,0,4 134 359,0.04626600196858098
625,Orkla Foods Sverige AB,2014,16.5,4 828 859,839 106,0,5 184 112,0.09587992490881396
626,Orkla Foods Sverige AB,2013,"- 1,6",4 406 376,863 980,0,4 773 009,0.3823053040420039
627,Orkla Foods Sverige AB,2012,10.7,3 187 701,750 526,0,4 896 642,-0.03990288495885472
628,Orkla Foods Sverige AB,2011,14.4,3 320 186,1 095 600,0,5 058 170,0.01631771985363396
629,Orkla Foods Sverige AB,2010,14,3 266 878,688 227,0,4 536 374,-
630,Almondy Aktiebolag,2018,18.2,467 137,122 310,13 793,223 390,0.062348625605781846
631,Almondy Aktiebolag,2017,19,439 721,95 039,33 444,183 369,0.18042103341637317
632,Almondy Aktiebolag,2016,18.4,372 512,85 794,15 414,126 405,0.004281200461550075
633,Almondy Aktiebolag,2015,"- 3,8",370 924,89 424,15 051,122 806,0.06845258670353728
634,Almondy Aktiebolag,2014,"- 12,1",347 160,98 386,15 000,140 334,-0.0679692974331301
635,Almondy Aktiebolag,2013,7,372 477,98 581,15 000,157 067,-0.043672831185636495
636,Almondy Aktiebolag,2012,19.9,389 487,97 290,15 000,157 668,0.017378289284650787
637,Almondy Aktiebolag,2011,33.7,382 834,84 197,15 000,145 506,0.026430655055553174
638,Almondy Aktiebolag,2010,40.4,372 976,105 534,15 000,164 901,-
639,Guldfågeln Aktiebolag,2018,6,1 617 296,340 600,127 859,614 969,0.09461510035181002
640,Guldfågeln Aktiebolag,2017,2.4,1 477 502,335 412,159 546,613 371,0.05813845230541379
641,Guldfågeln Aktiebolag,2016,"- 0,2",1 396 322,316 119,151 890,587 871,0.03507394698470801
642,Guldfågeln Aktiebolag,2015,6.3,1 349 007,251 237,43 551,442 829,0.042730874026551235
643,Guldfågeln Aktiebolag,2014,8.8,1 293 725,198 141,43 287,371 565,0.04617067851392778
644,Guldfågeln Aktiebolag,2013,18.8,1 236 629,215 903,32 251,361 179,0.0676923156620556
645,Guldfågeln Aktiebolag,2012,14.1,1 158 226,208 116,47 198,346 893,0.05840081073400121
646,Guldfågeln Aktiebolag,2011,11.3,1 094 317,231 859,39 613,346 499,-0.0017969746973192239
647,Guldfågeln Aktiebolag,2010,13.9,1 096 287,219 721,34 886,323 843,-
648,Barry Callebaut Sweden AB,2018,20.2,1 390 999,273 945,0,1 372 689,0.1546061014045366
649,Barry Callebaut Sweden AB,2017,18.1,1 204 739,261 015,0,1 059 847,0.2482026649978916
650,Barry Callebaut Sweden AB,2016,27,965 179,99 061,0,742 183,0.2917623598062047
651,Barry Callebaut Sweden AB,2015,27.3,747 180,63 814,0,539 459,0.04462420763300721
652,Barry Callebaut Sweden AB,2014,20.2,715 262,70 677,0,420 133,0.12213274595905638
653,Barry Callebaut Sweden AB,2013,20.8,637 413,87 510,0,355 779,0.03026399370281353
654,Barry Callebaut Sweden AB,2012,21.7,618 689,94 903,0,307 146,-0.01993898073109068
655,Barry Callebaut Sweden AB,2011,21.7,631 276,112 327,0,383 191,0.03181538089377275
656,Barry Callebaut Sweden AB,2010,32.6,611 811,92 444,0,298 160,-
657,Lyckeby Culinar AB,2018,10.6,570 294,131 199,0,263 482,0.09990260272519504
658,Lyckeby Culinar AB,2017,6.8,518 495,132 232,575,265 002,0.0001967619161524172
659,Lyckeby Culinar AB,2016,8.2,518 393,85 555,7 575,274 025,0.08239826279414528
660,Lyckeby Culinar AB,2015,12.6,478 930,79 728,14 575,294 830,-0.29709904573486634
661,Lyckeby Culinar AB,2014,9.4,681 362,148 825,21 575,387 115,0.08890387578068566
662,Lyckeby Culinar AB,2013,4.7,625 732,169 374,0,375 581,-0.047967391850092585
663,Lyckeby Culinar AB,2012,0.3,657 259,153 853,0,352 897,0.000659230907424493
664,Lyckeby Culinar AB,2011,6.6,656 826,212 290,0,410 747,0.06122310492411941
665,Lyckeby Culinar AB,2010,6,618 933,180 424,0,354 295,-
666,Snellman Sverige AB,2018,"- 20,3",141 661,25 603,0,72 986,-0.059605682421667555
667,Snellman Sverige AB,2017,"- 10,7",150 640,20 115,0,82 376,-0.0372779968429058
668,Snellman Sverige AB,2016,6.4,156 473,25 744,0,96 619,-0.05935219362052589
669,Snellman Sverige AB,2015,21.7,166 346,19 917,0,91 011,0.03910398160988469
670,Snellman Sverige AB,2014,20.3,160 086,16 428,0,71 439,0.013972637446161642
671,Snellman Sverige AB,2013,22.8,157 880,16 976,0,60 095,0.1427909636417595
672,Snellman Sverige AB,2012,28.4,138 153,17 297,12 000,61 449,0.04562346263008515
673,Snellman Sverige AB,2011,13.8,132 125,25 399,12 000,56 029,0.19923938497286112
674,Snellman Sverige AB,2010,17.8,110 174,18 120,18 132,48 752,-
675,Skruf Snus AB,2018,35.9,1 291 175,395 044,0,1 552 731,0.014482106756823649
676,Skruf Snus AB,2017,43.9,1 272 743,335 115,0,1 404 666,0.17450721641873684
677,Skruf Snus AB,2016,44.2,1 083 640,238 454,0,1 073 096,0.17964159204370042
678,Skruf Snus AB,2015,46.1,918 618,235 848,0,899 486,0.24702097332518835
679,Skruf Snus AB,2014,43.3,736 650,218 986,0,677 965,0.22414082480154346
680,Skruf Snus AB,2013,31.3,601 769,356 339,0,667 614,0.4304843406430142
681,Skruf Snus AB,2012,30.4,420 675,74 874,0,453 083,0.3558308704326218
682,Skruf Snus AB,2011,30.3,310 271,61 762,0,326 495,0.13796189323504063
683,Skruf Snus AB,2010,39.4,272 655,56 390,0,235 897,-
684,Triumf Glass AB,2018,15,395 786,53 835,26 100,130 074,0.255319756285543
685,Triumf Glass AB,2017,7.3,315 287,50 102,26 336,123 428,0.04658195409853479
686,Triumf Glass AB,2016,10.3,301 254,41 842,26 100,111 295,0.11204462146688274
687,Triumf Glass AB,2015,8,270 901,39 483,26 100,102 221,-0.0188621160483722
688,Triumf Glass AB,2014,13,276 109,39 558,26 100,99 064,0.13443499911664045
689,Triumf Glass AB,2013,10.3,243 389,35 852,26 100,87 120,0.19290790570014213
690,Triumf Glass AB,2012,0.6,204 030,37 537,26 100,83 201,-0.02207672693111448
691,Triumf Glass AB,2011,"- 6,9",208 636,56 725,0,75 466,0.14915508162770716
692,Triumf Glass AB,2010,"- 2,4",181 556,53 831,0,79 116,-
693,Siljans Chark Aktiebolag,2018,"- 3,7",204 196,60 327,27 694,101 701,0.028778138288224744
694,Siljans Chark Aktiebolag,2017,"- 2,3",198 484,55 580,21 582,95 403,0.011182491122783243
695,Siljans Chark Aktiebolag,2016,"- 13,5",196 289,53 326,25 055,100 094,-0.03791220640708936
696,Siljans Chark Aktiebolag,2015,"- 9,9",204 024,41 749,16 000,93 477,0.1630401942732709
697,Siljans Chark Aktiebolag,2014,2.9,175 423,33 853,19 400,99 611,0.04103044941219757
698,Siljans Chark Aktiebolag,2013,6.8,168 509,23 554,12 050,82 335,0.012248453174746201
699,Siljans Chark Aktiebolag,2012,4.5,166 470,27 029,15 350,85 699,-0.028825454609097433
700,Siljans Chark Aktiebolag,2011,9.8,171 411,29 322,15 250,87 337,0.016166322828484028
701,Siljans Chark Aktiebolag,2010,7.4,168 684,33 434,16 850,87 326,-
702,Semper AB,2018,17.7,1 286 372,195 019,0,712 602,0.022482546914482066
703,Semper AB,2017,24.6,1 258 087,219 670,0,729 486,0.06632181706302051
704,Semper AB,2016,26.3,1 179 838,218 755,0,669 490,0.09592723530187652
705,Semper AB,2015,16.9,1 076 566,180 169,0,860 911,0.061191458154261066
706,Semper AB,2014,13.9,1 014 488,220 141,0,796 009,0.052392002763534215
707,Semper AB,2013,11.9,963 983,146 826,240 000,950 048,0.024712591750067767
708,Semper AB,2012,10.8,940 735,138 310,280 000,923 779,-0.035102024907739615
709,Semper AB,2011,8.6,974 958,138 156,305 000,908 854,0.017191803689174525
710,Semper AB,2010,15.2,958 480,151 964,288 000,874 816,-
711,Spendrups Bryggeriaktiebolag,2018,9.6,3 818 400,990 900,652 700,3 309 000,-0.2358768085489584
712,Spendrups Bryggeriaktiebolag,2017,7.5,4 997 100,952 700,1 167 600,3 509 700,0.4584537255932055
713,Spendrups Bryggeriaktiebolag,2016,5,3 426 300,891 300,729 900,3 010 300,-0.26719565403370693
714,Spendrups Bryggeriaktiebolag,2015,8.5,4 675 600,854 300,1 079 200,3 166 300,0.4326071636486197
715,Spendrups Bryggeriaktiebolag,2014,8.7,3 263 700,775 900,1 070 700,2 981 600,0.0677899558318338
716,Spendrups Bryggeriaktiebolag,2013,5.6,3 056 500,763 900,1 032 600,2 769 400,-0.22778605896768653
717,Spendrups Bryggeriaktiebolag,2012,4.3,3 958 100,660 500,1 130 500,2 599 000,0.31813640602104704
718,Spendrups Bryggeriaktiebolag,2011,7.6,3 002 800,732 400,672 300,2 244 400,-0.026834327197303602
719,Spendrups Bryggeriaktiebolag,2010,9.6,3 085 600,748 600,622 600,2 217 800,-
720,Ingelsta Kalkon AB,2018,8.1,328 818,69 467,13 499,104 886,0.050489754451877554
721,Ingelsta Kalkon AB,2017,5,313 014,57 601,15 960,94 874,0.08031600418301736
722,Ingelsta Kalkon AB,2016,1.3,289 743,67 611,15 654,108 159,0.01807813125882824
723,Ingelsta Kalkon AB,2015,3.1,284 598,60 173,9 955,96 154,0.03228169954080189
724,Ingelsta Kalkon AB,2014,2,275 698,68 116,7 266,101 770,0.02276285233081814
725,Ingelsta Kalkon AB,2013,- 13,269 562,85 381,6 532,118 362,0.026363283302492404
726,Ingelsta Kalkon AB,2012,"- 6,5",262 638,78 767,6 953,113 208,0.09262233020210173
727,Ingelsta Kalkon AB,2011,"- 13,6",240 374,76 735,13 921,117 627,0.016982568962599424
728,Ingelsta Kalkon AB,2010,1.7,236 360,64 530,13 543,105 297,-
729,Grahns Konfektyr AB,2018,9.7,112 734,22 930,41 547,92 161,1.1579189158148615
730,Grahns Konfektyr AB,2017,14.2,52 242,8 333,12 478,36 072,0.12911731650384714
731,Grahns Konfektyr AB,2016,12,46 268,8 512,9 955,29 480,0.20008300046687763
732,Grahns Konfektyr AB,2015,11.5,38 554,6 526,11 218,26 610,0.2587006203068887
733,Grahns Konfektyr AB,2014,8.2,30 630,4 632,10 246,22 123,0.00258584007070145
734,Grahns Konfektyr AB,2013,1,30 551,5 216,12 161,23 509,-0.16652571272677671
735,Grahns Konfektyr AB,2012,5.5,36 655,6 676,12 062,25 569,-0.02002459629986098
736,Grahns Konfektyr AB,2011,5.7,37 404,6 292,14 058,26 568,0.02786479802143446
737,Grahns Konfektyr AB,2010,14.8,36 390,6 685,14 925,27 801,-
738,Cookin Food Sweden AB,2018,3.4,123 793,17 845,0,23 768,0.5368085212036945
739,Cookin Food Sweden AB,2017,18.8,80 552,11 984,0,19 345,0.23451340996168582
740,Cookin Food Sweden AB,2016,4.3,65 250,10 487,0,14 839,0.03188158269285511
741,Cookin Food Sweden AB,2015,16.8,63 234,12 633,0,17 458,0.5457612202992079
742,Cookin Food Sweden AB,2014,49.7,40 908,5 001,83,8 964,1.1046457786695478
743,Cookin Food Sweden AB,2013,"- 3,1",19 437,3 553,3 392,7 031,430.93333333333334
744,Cookin Food Sweden AB,2012,"- 76,2",45,259,937,1 268,
745,Cookin Food Sweden AB,2011,-,-,-,-,-,
746,Cookin Food Sweden AB,2010,-,-,-,-,-,-
747,Bake My Day AB,2018,5.9,207 723,68 998,0,77 023,0.8379801268835662
748,Bake My Day AB,2017,12.2,113 017,30 392,0,38 504,0.08526186406499069
749,Bake My Day AB,2016,"- 2,3",104 138,18 851,0,25 367,0.017966764418377322
750,Bake My Day AB,2015,"- 6,9",102 300,34 155,0,38 376,-0.0007423614909744472
751,Bake My Day AB,2014,"- 10,9",102 376,33 223,0,39 487,0.26482252504910986
752,Bake My Day AB,2013,"- 11,9",80 941,29 727,0,41 879,-0.031319562459608895
753,Bake My Day AB,2012,"- 0,8",83 558,19 881,0,45 668,0.06713835072349013
754,Bake My Day AB,2011,0.6,78 301,21 017,0,47 892,-0.011700408946332105
755,Bake My Day AB,2010,"- 3,4",79 228,14 216,3 265,44 447,-
756,FRIA Bröd AB,2018,22.6,160 624,27 234,0,89 705,0.07176982411188512
757,FRIA Bröd AB,2017,8.6,149 868,26 107,7 500,83 386,0.029716303772768186
758,FRIA Bröd AB,2016,9.3,145 543,24 328,0,69 412,0.11087110832945343
759,FRIA Bröd AB,2015,23.2,131 017,25 065,0,64 596,0.15319684540365455
760,FRIA Bröd AB,2014,25.1,113 612,25 641,0,57 408,0.17122150861313568
761,FRIA Bröd AB,2013,24.8,97 003,11 525,0,36 052,0.16179605720171508
762,FRIA Bröd AB,2012,16.4,83 494,10 241,0,39 935,0.12452860683116043
763,FRIA Bröd AB,2011,14.6,74 248,11 828,0,39 781,0.056324602711661856
764,FRIA Bröd AB,2010,25,70 289,10 038,0,35 847,-
765,Andersson & Tillman AB,2018,13.6,185 247,26 582,504,37 069,0.08835659898477158
766,Andersson & Tillman AB,2017,"- 1,9",170 208,27 634,2 872,38 534,0.21075544174135724
767,Andersson & Tillman AB,2016,2,140 580,19 772,5 348,35 388,0.287126899835195
768,Andersson & Tillman AB,2015,10,109 220,15 243,6 987,32 769,0.0755081140696392
769,Andersson & Tillman AB,2014,"- 1,6",101 552,12 134,6 490,28 810,0.4744177942969975
770,Andersson & Tillman AB,2013,0.2,68 876,13 068,4 506,28 678,0.05389111607552713
771,Andersson & Tillman AB,2012,32.9,65 354,6 901,0,21 571,0.13296581374384578
772,Andersson & Tillman AB,2011,32.2,57 684,5 463,1 500,19 923,0.07711842252679539
773,Andersson & Tillman AB,2010,34.4,53 554,5 846,0,17 715,-
774,Delicato Bakverk Aktiebolag,2018,0.9,227 960,53 079,22 000,80 176,-0.03440739062109512
775,Delicato Bakverk Aktiebolag,2017,4.3,236 083,50 761,19 000,74 810,-0.11191904752948258
776,Delicato Bakverk Aktiebolag,2016,"- 32,5",265 835,58 918,18 564,78 207,-0.02537432723753098
777,Delicato Bakverk Aktiebolag,2015,"- 11,1",272 756,41 489,15 000,79 825,0.09273741226242749
778,Delicato Bakverk Aktiebolag,2014,1.2,249 608,41 363,15 000,89 177,-0.0023900306147734266
779,Delicato Bakverk Aktiebolag,2013,2,250 206,46 941,15 000,94 729,-0.031703031757211744
780,Delicato Bakverk Aktiebolag,2012,"- 15,8",258 398,55 856,13 500,102 071,0.0017833742992502074
781,Delicato Bakverk Aktiebolag,2011,"- 1,2",257 938,40 433,10 000,100 500,-0.08655712160917912
782,Delicato Bakverk Aktiebolag,2010,11.7,282 380,34 775,0,91 532,-
783,Pågen Aktiebolag,2018,4.6,2 742 520,962 133,0,1 711 487,0.08284225758625659
784,Pågen Aktiebolag,2017,2.9,2 532 705,804 326,0,1 455 302,0.5073103843940389
785,Pågen Aktiebolag,2016,"- 3,2",1 680 281,606 765,0,1 204 064,-0.3344913096327759
786,Pågen Aktiebolag,2015,0,2 524 807,468 610,0,1 193 090,0.02454552353003
787,Pågen Aktiebolag,2014,2.1,2 464 319,469 862,0,1 186 015,0.023895559552552407
788,Pågen Aktiebolag,2013,"- 0,9",2 406 807,442 679,0,1 101 414,-0.0030474317403457263
789,Pågen Aktiebolag,2012,"- 7,2",2 414 164,441 433,257 201,1 369 189,-0.003143147838611003
790,Pågen Aktiebolag,2011,"- 1,9",2 421 776,416 751,130 016,1 216 717,0.030124791892993226
791,Pågen Aktiebolag,2010,"- 3,9",2 350 954,406 491,175 108,1 216 289,-
792,Santa Maria AB,2018,9.8,2 514 512,632 934,679,3 666 194,0.057944983757498035
793,Santa Maria AB,2017,9.6,2 376 789,518 233,140,3 352 960,0.04606666901396053
794,Santa Maria AB,2016,9.6,2 272 120,492 016,5 746,3 127 256,0.07410203524967535
795,Santa Maria AB,2015,8,2 115 367,495 680,5 237,2 903 047,0.05521429854141309
796,Santa Maria AB,2014,11.2,2 004 680,492 705,4 660,2 660 595,0.0339808479274272
797,Santa Maria AB,2013,13.2,1 938 798,512 490,156 371,2 577 589,0.024258814218975435
798,Santa Maria AB,2012,10.8,1 892 879,467 072,547 531,2 610 734,0.057407549132373205
799,Santa Maria AB,2011,24.9,1 790 113,377 921,808 387,2 540 062,-0.02057430116369219
800,Santa Maria AB,2010,5.6,1 827 717,1 399 183,781 966,2 966 254,-
801,Johan & Nyström Kafferostare & Tehandlare AB,2018,- 6,228 060,73 434,114 564,199 704,0.3778728340462553
802,Johan & Nyström Kafferostare & Tehandlare AB,2017,"- 7,6",165 516,100 585,84 748,197 095,0.25906936763553656
803,Johan & Nyström Kafferostare & Tehandlare AB,2016,11.5,131 459,25 222,10 973,55 024,0.06478159094774869
804,Johan & Nyström Kafferostare & Tehandlare AB,2015,11.7,123 461,24 210,0,37 028,0.42688240392950016
805,Johan & Nyström Kafferostare & Tehandlare AB,2014,- 1,86 525,21 719,0,32 763,0.1107188703465982
806,Johan & Nyström Kafferostare & Tehandlare AB,2013,1.6,77 900,19 342,0,30 866,-0.12865483993646676
807,Johan & Nyström Kafferostare & Tehandlare AB,2012,11.5,89 402,19 643,0,31 718,0.19617340112389617
808,Johan & Nyström Kafferostare & Tehandlare AB,2011,7.5,74 740,18 391,200,29 575,0.40496644547624866
809,Johan & Nyström Kafferostare & Tehandlare AB,2010,14.9,53 197,12 070,1 297,22 879,-
810,Malmö Mejeri AB,2018,7.3,2 657 499,889 565,1 243,1 055 359,0.08380386548021196
811,Malmö Mejeri AB,2017,3.9,2 452 011,913 076,22 174,1 040 879,0.18032287365932625
812,Malmö Mejeri AB,2016,0.8,2 077 407,851 829,3 260,958 556,0.1109562031031158
813,Malmö Mejeri AB,2015,5,1 869 927,285 441,300 000,658 237,-0.08947454787237928
814,Malmö Mejeri AB,2014,5.4,2 053 679,242 349,300 000,611 062,0.6126207691534538
815,Malmö Mejeri AB,2013,4.3,1 273 504,125 344,300 000,491 517,
816,Malmö Mejeri AB,2012,0,0,0,0,51,
817,Malmö Mejeri AB,2011,2,0,0,0,51,
818,Malmö Mejeri AB,2010,0,0,0,0,50,-
819,Herrljunga Cider AB,2018,1.9,175 229,36 634,23 195,131 009,-0.0608975733150403
820,Herrljunga Cider AB,2017,0.6,186 592,35 464,28 897,135 221,-0.06868377314040718
821,Herrljunga Cider AB,2016,8.8,200 353,30 601,26 825,128 219,0.10752842715076202
822,Herrljunga Cider AB,2015,9.3,180 901,28 574,34 068,124 419,-0.08986124108229944
823,Herrljunga Cider AB,2014,12.1,198 762,34 838,25 991,113 450,0.18250181454731507
824,Herrljunga Cider AB,2013,7.8,168 086,28 048,32 884,105 453,0.12233165292291256
825,Herrljunga Cider AB,2012,9.3,149 765,22 747,22 620,83 280,0.0568414367369981
826,Herrljunga Cider AB,2011,11.2,141 710,22 326,23 217,79 893,0.10288738423223596
827,Herrljunga Cider AB,2010,11.9,128 490,19 425,15 889,62 284,-
828,Örneborgs Delikatesser AB,2018,14.5,321 547,58 141,25 600,159 293,0.3656293930526593
829,Örneborgs Delikatesser AB,2017,11.5,235 457,45 434,25 600,144 631,0.22633854166666667
830,Örneborgs Delikatesser AB,2016,24.2,192 000,42 885,17 570,131 347,0.15785411038209185
831,Örneborgs Delikatesser AB,2015,22.4,165 824,76 080,0,127 220,-0.010974329611604161
832,Örneborgs Delikatesser AB,2014,47.1,167 664,20 652,0,53 086,0.45262993735975254
833,Örneborgs Delikatesser AB,2013,30.8,115 421,14 675,3 250,40 599,0.2413663300315125
834,Örneborgs Delikatesser AB,2012,11.9,92 979,16 238,3 510,32 416,0.06264143180415552
835,Örneborgs Delikatesser AB,2011,8.5,87 498,17 098,4 189,54 678,-0.017163525262282927
836,Örneborgs Delikatesser AB,2010,10.9,89 026,20 040,5 340,55 592,-
837,Aryzta Bakeries Nordic AB,2018,12.1,223 608,52 458,0,134 122,0.027355343802549
838,Aryzta Bakeries Nordic AB,2017,17.2,217 654,59 128,0,138 846,0.030456251982520676
839,Aryzta Bakeries Nordic AB,2016,6.5,211 221,65 021,0,125 740,0.02803451749967147
840,Aryzta Bakeries Nordic AB,2015,6.1,205 461,52 700,0,140 358,-0.0017878918908414267
841,Aryzta Bakeries Nordic AB,2014,5.1,205 829,42 191,6 456,134 568,0.018970578770971847
842,Aryzta Bakeries Nordic AB,2013,9.5,201 997,32 293,29 304,121 480,-0.023022195137286768
843,Aryzta Bakeries Nordic AB,2012,1.3,206 757,38 281,29 450,85 722,0.015675505732784454
844,Aryzta Bakeries Nordic AB,2011,4.1,203 566,22 045,17 041,55 939,
845,Aryzta Bakeries Nordic AB,2010,-,-,-,-,-,-
846,Kristianstads Mejeri AB,2018,1.4,581 759,93 192,400 000,593 754,-0.11849354506333717
847,Kristianstads Mejeri AB,2017,11.6,659 960,32 031,500 000,606 089,0.14718791555489888
848,Kristianstads Mejeri AB,2016,4.8,575 285,38 684,500 000,612 262,-0.10139659699562167
849,Kristianstads Mejeri AB,2015,"- 5,8",640 199,43 526,500 000,610 026,-0.04067473548085467
850,Kristianstads Mejeri AB,2014,2.1,667 343,52 911,500 000,607 335,0.3209115345180458
851,Kristianstads Mejeri AB,2013,10.2,505 214,78 262,500 000,622 316,
852,Kristianstads Mejeri AB,2012,0,0,0,0,591,
853,Kristianstads Mejeri AB,2011,0,0,0,0,591,
854,Kristianstads Mejeri AB,2010,0,0,0,0,591,-
855,Bosphorus Aktiebolag,2018,32.5,98 906,16 077,0,30 400,0.22959297844302445
856,Bosphorus Aktiebolag,2017,41.5,80 438,16 130,0,28 059,0.2502409151667755
857,Bosphorus Aktiebolag,2016,33.9,64 338,11 317,0,17 714,0.2621728724447758
858,Bosphorus Aktiebolag,2015,26,50 974,8 185,34,11 447,0.2815265486725664
859,Bosphorus Aktiebolag,2014,23.9,39 776,6 870,1 065,8 849,-0.009043573581803233
860,Bosphorus Aktiebolag,2013,"- 25,9",40 139,11 796,268,11 005,-0.23293456658003364
861,Bosphorus Aktiebolag,2012,5.7,52 328,10 374,642,13 093,0.05370411389218904
862,Bosphorus Aktiebolag,2011,10,49 661,9 519,258,11 859,0.19763179472338785
863,Bosphorus Aktiebolag,2010,9.1,41 466,10 063,231,11 452,-
864,Torsåsen Fågelprodukter AB,2018,"- 1,5",398 431,81 167,18 573,193 977,0.028891419599579592
865,Torsåsen Fågelprodukter AB,2017,"- 11,5",387 243,69 792,26 092,189 713,0.014622886218696124
866,Torsåsen Fågelprodukter AB,2016,"- 10,1",381 662,95 706,34 468,223 617,-0.036934234000085796
867,Torsåsen Fågelprodukter AB,2015,11.3,396 299,65 405,9 018,165 471,0.13104194255445453
868,Torsåsen Fågelprodukter AB,2014,9.8,350 384,49 428,7 323,142 403,0.004959056947412198
869,Torsåsen Fågelprodukter AB,2013,8.6,348 655,49 485,8 332,136 525,0.07558776256891037
870,Torsåsen Fågelprodukter AB,2012,6.3,324 153,82 443,8 900,161 087,0.024108908701448873
871,Torsåsen Fågelprodukter AB,2011,1.9,316 522,83 116,10 100,156 026,-0.09693635912330456
872,Torsåsen Fågelprodukter AB,2010,1.8,350 498,75 869,11 300,149 266,-
873,Leröy Smögen Seafood AB,2018,"- 5,2",823 860,89 793,60 565,228 574,0.1426185945622084
874,Leröy Smögen Seafood AB,2017,"- 2,2",721 028,82 126,64 815,238 391,-0.015634556574923547
875,Leröy Smögen Seafood AB,2016,4.3,732 480,73 371,69 065,240 695,0.048180409295217164
876,Leröy Smögen Seafood AB,2015,6.2,698 811,83 990,73 315,249 785,0.19796650615173889
877,Leröy Smögen Seafood AB,2014,2.7,583 331,93 241,77 563,256 848,0.2758742872390918
878,Leröy Smögen Seafood AB,2013,6.9,457 201,56 497,78 161,221 042,0.03518535709514763
879,Leröy Smögen Seafood AB,2012,0.1,441 661,56 359,23 488,172 291,-0.12009730188487537
880,Leröy Smögen Seafood AB,2011,4.9,501 943,93 082,15 000,206 075,0.04659546785210886
881,Leröy Smögen Seafood AB,2010,11.3,479 596,65 660,16 000,185 464,-
882,Doggy AB,2018,"- 0,6",491 277,171 416,41 105,267 137,0.08112206049989656
883,Doggy AB,2017,2.3,454 414,146 534,18 629,225 107,0.026891804553076288
884,Doggy AB,2016,"- 6,2",442 514,141 550,0,199 405,-0.0467210395474384
885,Doggy AB,2015,"- 15,7",464 202,117 156,0,191 846,-0.176840264786045
886,Doggy AB,2014,4,563 927,78 092,0,188 342,-0.05179484506440727
887,Doggy AB,2013,"- 0,6",594 731,99 286,0,216 700,0.010651476813325561
888,Doggy AB,2012,"- 5,6",588 463,141 917,0,250 692,-0.01422717922258927
889,Doggy AB,2011,3.3,596 956,133 972,0,229 936,0.009795911462958735
890,Doggy AB,2010,13.9,591 165,157 613,0,254 174,-
891,August Larsson Charkuteri AB,2018,19.6,136 109,18 977,0,40 763,0.06455750655038911
892,August Larsson Charkuteri AB,2017,20.4,127 855,24 382,0,41 028,0.6041428804436471
893,August Larsson Charkuteri AB,2016,22.7,79 703,13 589,0,28 611,-0.2222048734788676
894,August Larsson Charkuteri AB,2015,0,102 473,12 651,1 200,38 218,0.10864320411982993
895,August Larsson Charkuteri AB,2014,27.8,92 431,11 983,2 000,34 086,0.09450562462995855
896,August Larsson Charkuteri AB,2013,24.5,84 450,11 032,2 800,30 121,0.13290315656735038
897,August Larsson Charkuteri AB,2012,26.3,74 543,8 442,0,21 659,0.12849897812429037
898,August Larsson Charkuteri AB,2011,24.2,66 055,7 816,0,17 486,0.07975349810383157
899,August Larsson Charkuteri AB,2010,16,61 176,9 567,0,25 825,-
900,Kaffehuset i Karlstad AB,2018,2.4,1 111 321,249 958,133 300,473 792,-0.0583238430303893
901,Kaffehuset i Karlstad AB,2017,3.3,1 180 152,174 860,133 300,406 322,0.09765142150803462
902,Kaffehuset i Karlstad AB,2016,5.3,1 075 161,153 838,133 300,397 892,-0.016806884064597547
903,Kaffehuset i Karlstad AB,2015,5.4,1 093 540,191 027,133 300,444 712,0.19504601332588756
904,Kaffehuset i Karlstad AB,2014,3.8,915 061,191 806,133 300,457 256,-0.1347742715095906
905,Kaffehuset i Karlstad AB,2013,3.2,1 057 598,182 593,133 300,457 936,-0.14947095159550897
906,Kaffehuset i Karlstad AB,2012,6,1 243 459,234 031,133 300,509 381,0.19884864314011325
907,Kaffehuset i Karlstad AB,2011,"- 3,7",1 037 211,246 098,133 300,521 369,0.17552037645266802
908,Kaffehuset i Karlstad AB,2010,0.7,882 342,120 198,133 300,395 827,-
909,Skövde Slakteri Aktiebolag,2018,4.2,1 382 095,129 217,110 100,384 751,-0.04930023126142722
910,Skövde Slakteri Aktiebolag,2017,4.5,1 453 766,164 450,108 100,405 844,-0.05976498102088188
911,Skövde Slakteri Aktiebolag,2016,4.9,1 546 173,220 221,126 100,466 388,0.12339873649947142
912,Skövde Slakteri Aktiebolag,2015,1.3,1 376 335,193 266,136 900,433 514,0.14033379786206313
913,Skövde Slakteri Aktiebolag,2014,1.7,1 206 958,103 932,45 250,257 122,0.04338632571729903
914,Skövde Slakteri Aktiebolag,2013,"- 3,3",1 156 770,78 943,62 528,241 367,0.03780161218694909
915,Skövde Slakteri Aktiebolag,2012,"- 0,5",1 114 635,51 440,81 054,243 068,-0.035832081234608265
916,Skövde Slakteri Aktiebolag,2011,7.2,1 156 059,49 442,64 723,228 808,0.04233315631404364
917,Skövde Slakteri Aktiebolag,2010,6.1,1 109 107,51 169,75 696,231 504,-
918,A.J. Dahlberg Slakteri Aktiebolag,2018,"- 8,9",645 378,107 767,10 872,168 651,0.12500065368705648
919,A.J. Dahlberg Slakteri Aktiebolag,2017,"- 2,6",573 669,94 036,13 681,174 487,0.134598725509974
920,A.J. Dahlberg Slakteri Aktiebolag,2016,1.9,505 614,71 970,51 275,165 339,0.6991373487335796
921,A.J. Dahlberg Slakteri Aktiebolag,2015,3.5,297 571,48 415,52 714,142 757,-0.27667285703173616
922,A.J. Dahlberg Slakteri Aktiebolag,2014,0,411 392,42 273,16 985,94 673,0.04559109832407346
923,A.J. Dahlberg Slakteri Aktiebolag,2013,7.9,393 454,39 754,18 691,91 362,0.03805503522148643
924,A.J. Dahlberg Slakteri Aktiebolag,2012,5.6,379 030,43 520,21 877,93 996,0.012328598823761932
925,A.J. Dahlberg Slakteri Aktiebolag,2011,3.6,374 414,42 291,22 408,90 463,-0.013843601021940106
926,A.J. Dahlberg Slakteri Aktiebolag,2010,7.7,379 670,41 405,20 409,86 746,-
927,Continental Bakeries North Europe AB,2018,16.1,600 466,90 370,33 697,237 108,0.0957308783678981
928,Continental Bakeries North Europe AB,2017,17.2,548 005,82 513,35 199,234 857,0.09928807704575043
929,Continental Bakeries North Europe AB,2016,18.7,498 509,93 556,36 622,220 753,0.03506921446205403
930,Continental Bakeries North Europe AB,2015,13.7,481 619,106 301,39 984,206 188,0.034874051599844434
931,Continental Bakeries North Europe AB,2014,11.1,465 389,88 753,39 984,171 882,0.12821028746527288
932,Continental Bakeries North Europe AB,2013,10,412 502,129 830,777,178 034,-0.11737468921041258
933,Continental Bakeries North Europe AB,2012,1.8,467 358,101 956,41 144,193 747,0.04096292155102713
934,Continental Bakeries North Europe AB,2011,12.7,448 967,87 868,53 452,199 308,0.06580968320098755
935,Continental Bakeries North Europe AB,2010,4.9,421 245,104 301,74 428,236 766,-
936,Foodmark AB,2018,"- 5,4",802 787,146 802,222 333,642 673,0.19107156634085257
937,Foodmark AB,2017,6.2,674 004,234 250,52 333,597 423,0.08064723009632775
938,Foodmark AB,2016,10.3,623 704,116 172,2 334,399 637,0.03683164103280204
939,Foodmark AB,2015,7.5,601 548,107 546,32 334,386 487,0.049214067939692886
940,Foodmark AB,2014,5.9,573 332,87 527,7 542,322 087,-0.0073290452156900086
941,Foodmark AB,2013,6.2,577 565,79 756,23 386,334 327,0.025781059907752257
942,Foodmark AB,2012,4.3,563 049,71 701,37 422,321 581,0.034744543254254856
943,Foodmark AB,2011,8.1,544 143,83 429,48 354,334 150,0.24803726614051866
944,Foodmark AB,2010,7.7,435 999,89 902,54 568,322 726,-
945,Fåddman Aktiebolag,2018,"- 3,5",466 465,73 856,4 437,105 853,-0.012828896549826782
946,Fåddman Aktiebolag,2017,1.3,472 527,68 581,4 353,106 332,0.02188990170954034
947,Fåddman Aktiebolag,2016,1.2,462 405,80 015,4 247,119 104,-0.04976552642502805
948,Fåddman Aktiebolag,2015,1.4,486 622,76 994,4 120,116 956,0.15809990718484496
949,Fåddman Aktiebolag,2014,3.1,420 190,64 405,3 333,104 804,0.07088608885354863
950,Fåddman Aktiebolag,2013,4.9,392 376,61 509,6 666,104 765,0.013176751283977968
951,Fåddman Aktiebolag,2012,5.7,387 273,58 667,9 999,105 203,0.17214087252344143
952,Fåddman Aktiebolag,2011,9.1,330 398,48 813,13 333,98 259,0.2733964896593721
953,Fåddman Aktiebolag,2010,10.2,259 462,52 730,16 666,102 610,-
954,AAK Dalby AB,2018,18.8,484 560,42 018,0,127 662,0.09455860528259608
955,AAK Dalby AB,2017,5.8,442 699,43 661,0,115 599,0.028917600410917194
956,AAK Dalby AB,2016,18.5,430 257,41 851,0,111 110,0.04849691487391436
957,AAK Dalby AB,2015,12.2,410 356,40 382,0,94 531,0.11756071124134983
958,AAK Dalby AB,2014,"- 0,2",367 189,61 041,0,106 654,0.17509880790463236
959,AAK Dalby AB,2013,12.4,312 475,45 872,0,107 189,0.42992138235267197
960,AAK Dalby AB,2012,15.7,218 526,23 198,0,83 528,0.11080273270708796
961,AAK Dalby AB,2011,12.2,196 728,23 299,0,81 957,0.14129905088993572
962,AAK Dalby AB,2010,20.2,172 372,19 650,0,82 376,-
963,Direkt Chark i Göteborg AB,2018,"- 25,7",189 938,24 613,28 632,81 773,0.05463691989916601
964,Direkt Chark i Göteborg AB,2017,1.7,180 098,17 462,32 116,90 633,-0.06584298103655753
965,Direkt Chark i Göteborg AB,2016,6.9,192 792,23 653,21 253,84 917,-0.04810056583092222
966,Direkt Chark i Göteborg AB,2015,13.3,202 534,24 701,27 191,87 087,-0.11636693629311623
967,Direkt Chark i Göteborg AB,2014,"- 1,6",229 206,25 091,41 782,95 937,-0.017084780650971312
968,Direkt Chark i Göteborg AB,2013,- 12,233 190,31 247,41 527,96 422,-0.03948100092678406
969,Direkt Chark i Göteborg AB,2012,"- 0,8",242 775,28 591,24 423,67 722,0.07404032047567012
970,Direkt Chark i Göteborg AB,2011,"- 14,7",226 039,28 055,23 830,66 564,0.055669977909480244
971,Direkt Chark i Göteborg AB,2010,"- 1,4",214 119,24 888,29 626,69 284,-
972,Dahls Bageri AB,2018,4.6,158 653,28 006,0,64 853,0.04891077980893194
973,Dahls Bageri AB,2017,0.6,151 255,29 557,0,65 378,0.029912434802739987
974,Dahls Bageri AB,2016,6.3,146 862,29 698,0,65 446,0.04812338084057123
975,Dahls Bageri AB,2015,17.9,140 119,28 029,1 900,63 448,0.04391134289439374
976,Dahls Bageri AB,2014,18.3,134 225,26 981,3 900,56 847,0.09080787640896863
977,Dahls Bageri AB,2013,23.6,123 051,20 117,450,40 981,0.0266998189418528
978,Dahls Bageri AB,2012,13.7,119 851,15 358,775,31 575,0.12908270450027792
979,Dahls Bageri AB,2011,0.6,106 149,12 027,0,24 930,
980,Dahls Bageri AB,2010,-,-,-,-,-,-
981,Skillinge Fisk-Impex Aktiebolag,2018,0.8,109 961,15 269,0,56 352,-0.14670939806156735
982,Skillinge Fisk-Impex Aktiebolag,2017,13.1,128 867,15 521,20,58 628,0.0012586923584942309
983,Skillinge Fisk-Impex Aktiebolag,2016,6.5,128 705,15 355,93,54 645,0.05149425662979363
984,Skillinge Fisk-Impex Aktiebolag,2015,16.8,122 402,12 460,166,51 517,0.032492619148038804
985,Skillinge Fisk-Impex Aktiebolag,2014,13.6,118 550,12 765,238,50 220,0.03329556349690578
986,Skillinge Fisk-Impex Aktiebolag,2013,8.4,114 730,11 247,2 000,45 088,-0.18885479560526577
987,Skillinge Fisk-Impex Aktiebolag,2012,25.5,141 442,20 314,2 150,60 429,-0.03799930625930939
988,Skillinge Fisk-Impex Aktiebolag,2011,23.3,147 029,17 561,2 740,48 276,0.13520128476350776
989,Skillinge Fisk-Impex Aktiebolag,2010,17.7,129 518,15 328,3 870,43 961,-
990,B. Engelhardt & Co AB,2018,7.6,268 463,37 329,0,79 382,-0.04856361149110807
991,B. Engelhardt & Co AB,2017,12.6,282 166,32 162,0,74 511,-0.011954618670775264
992,B. Engelhardt & Co AB,2016,14.4,285 580,32 272,0,80 336,-0.06593532392007562
993,B. Engelhardt & Co AB,2015,6.6,305 739,33 115,0,76 924,
994,B. Engelhardt & Co AB,2014,0,0,0,0,0,
995,B. Engelhardt & Co AB,2013,0,0,0,0,0,-1
996,B. Engelhardt & Co AB,2012,15.9,284 944,27 320,0,73 720,-0.08518445984775762
997,B. Engelhardt & Co AB,2011,24.6,311 477,30 864,0,72 209,0.020730720200818613
998,B. Engelhardt & Co AB,2010,22.7,305 151,36 054,0,76 118,-
999,Marenor AB,2018,"- 0,7",1 050 828,315 454,91 900,511 917,0.02628340606065341
1000,Marenor AB,2017,2.7,1 023 916,287 589,105 348,511 368,0.09621347082805166
1001,Marenor AB,2016,6.5,934 048,218 422,28 625,371 412,0.9474872658809008
1002,Marenor AB,2015,1.6,479 617,162 285,30 494,296 689,0.02860077935836974
1003,Marenor AB,2014,2.8,466 281,151 848,25 354,279 924,0.00046989456338427076
1004,Marenor AB,2013,2.4,466 062,173 286,31 124,296 154,0.3963065713549562
1005,Marenor AB,2012,1.5,333 782,141 667,20 457,213 490,0.06329121988824965
1006,Marenor AB,2011,1.9,313 914,104 675,19 100,175 139,-0.0021520005340267202
1007,Marenor AB,2010,7.1,314 591,103 509,19 222,177 448,-
1008,Mixum AB,2018,13.5,209 704,33 043,19 448,67 837,0.3327655788236042
1009,Mixum AB,2017,15,157 345,25 642,16 948,56 886,0.12666122472360658
1010,Mixum AB,2016,11.7,139 656,13 890,17 413,44 697,-0.13772898748479592
1011,Mixum AB,2015,"- 0,1",161 963,22 149,17 113,48 123,0.3643470276553984
1012,Mixum AB,2014,10.7,118 711,13 804,6 394,29 558,0.34490806303601573
1013,Mixum AB,2013,17.9,88 267,9 599,4 845,21 551,0.4133121977775643
1014,Mixum AB,2012,21.7,62 454,7 335,3 800,17 287,0.32244949815779445
1015,Mixum AB,2011,"- 11,6",47 226,4 210,1 421,9 984,0.13417709359014385
1016,Mixum AB,2010,6.5,41 639,4 717,3 990,15 021,-
1017,GN TOBACCO Sweden AB,2018,0.1,473 772,234 913,8 525,423 538,0.440461169402529
1018,GN TOBACCO Sweden AB,2017,40.8,328 903,107 079,8 524,250 767,1.718206611570248
1019,GN TOBACCO Sweden AB,2016,17.7,121 000,122 717,8 525,179 049,0.9331543967280164
1020,GN TOBACCO Sweden AB,2015,14.7,62 592,88 810,5 867,115 316,1.1033671617716245
1021,GN TOBACCO Sweden AB,2014,"- 0,7",29 758,30 089,0,34 252,0.3224014575834333
1022,GN TOBACCO Sweden AB,2013,22.9,22 503,14 800,0,19 282,1.8965117775775517
1023,GN TOBACCO Sweden AB,2012,"- 1,2",7 769,1 938,9 844,11 881,0.6280385582564962
1024,GN TOBACCO Sweden AB,2011,"- 21,8",4 772,2 662,6 420,9 332,1.2562647754137115
1025,GN TOBACCO Sweden AB,2010,"- 30,7",2 115,1 298,7 078,8 564,-
1026,Aktiebolaget Stadex,2018,4.1,269 682,23 205,0,139 973,0.07398528099910794
1027,Aktiebolaget Stadex,2017,3.7,251 104,28 503,0,140 912,0.08152901905889953
1028,Aktiebolaget Stadex,2016,4.3,232 175,19 711,0,128 437,-0.04181076820219062
1029,Aktiebolaget Stadex,2015,4.5,242 306,22 325,0,126 440,-0.0018578249030923929
1030,Aktiebolaget Stadex,2014,3.7,242 757,21 988,0,179 423,0.16083912739931713
1031,Aktiebolaget Stadex,2013,3.6,209 122,17 489,0,169 432,-0.2015196639938908
1032,Aktiebolaget Stadex,2012,3.8,261 900,24 696,0,171 505,0.1399793680710017
1033,Aktiebolaget Stadex,2011,3.9,229 741,28 234,0,170 192,-0.01687321339929135
1034,Aktiebolaget Stadex,2010,4.4,233 684,25 987,0,163 984,-
1035,Kiviks Musteri AB,2018,1.6,701 948,115 889,123 347,335 357,0.04830004510114903
1036,Kiviks Musteri AB,2017,0.4,669 606,123 855,116 739,336 693,0.0022346519226538026
1037,Kiviks Musteri AB,2016,5.4,668 113,115 375,109 264,315 887,0.09910868807043635
1038,Kiviks Musteri AB,2015,4.6,607 868,98 176,134 822,326 109,0.032054982444464065
1039,Kiviks Musteri AB,2014,5.9,588 988,96 596,109 290,291 809,0.03366046106758768
1040,Kiviks Musteri AB,2013,8.1,569 808,80 156,74 055,228 527,0.1500933504223476
1041,Kiviks Musteri AB,2012,9.1,495 445,84 510,83 518,230 171,0.05428410312064434
1042,Kiviks Musteri AB,2011,8.6,469 935,81 544,45 114,173 774,0.2733916464792625
1043,Kiviks Musteri AB,2010,8.4,369 042,51 897,33 945,124 234,-
1044,Albina Snacks AB,2018,"- 0,5",148 758,23 583,5 848,48 588,-0.07842420562889907
1045,Albina Snacks AB,2017,9.9,161 417,19 083,5 110,43 874,-0.08461071697942009
1046,Albina Snacks AB,2016,8.2,176 337,37 295,6 210,59 880,0.14274512345278983
1047,Albina Snacks AB,2015,3.3,154 310,25 386,4 396,42 549,0.20664982835873416
1048,Albina Snacks AB,2014,17.7,127 883,24 422,3 504,40 209,0.38977580229740155
1049,Albina Snacks AB,2013,16.1,92 017,16 161,3 636,26 619,0.3182384711258828
1050,Albina Snacks AB,2012,6.4,69 803,12 461,3 780,19 983,0.3584578857231823
1051,Albina Snacks AB,2011,12,51 384,8 939,3 983,16 090,-0.10569643385488278
1052,Albina Snacks AB,2010,13.8,57 457,9 189,3 403,14 495,-
1053,Mondelez Sverige Production AB,2018,4.3,279 359,100 561,0,364 960,0.0028935247511245616
1054,Mondelez Sverige Production AB,2017,1.8,278 553,138 911,0,389 210,-0.046005630406937316
1055,Mondelez Sverige Production AB,2016,1.7,291 986,90 131,0,734 465,-0.15553627463739822
1056,Mondelez Sverige Production AB,2015,53.9,345 765,93 091,0,728 416,-0.2203966503875864
1057,Mondelez Sverige Production AB,2014,4,443 514,142 438,0,343 581,-0.08199863390805787
1058,Mondelez Sverige Production AB,2013,5.3,483 130,169 691,0,358 663,0.03487423128249177
1059,Mondelez Sverige Production AB,2012,6,466 849,155 359,0,361 092,-0.05798019706083542
1060,Mondelez Sverige Production AB,2011,7.8,495 583,153 155,0,340 438,-0.1478239188375892
1061,Mondelez Sverige Production AB,2010,8.5,581 550,204 611,0,393 818,-
1062,Gotlands Slagteri AB,2018,- 30,1 016 989,89 467,18 500,144 402,0.05686889072252371
1063,Gotlands Slagteri AB,2017,0.5,962 266,98 684,18 750,198 299,0.15564186446458853
1064,Gotlands Slagteri AB,2016,1,832 668,74 550,3 750,139 158,1.319163988212947
1065,Gotlands Slagteri AB,2015,1.5,359 038,56 681,3 837,120 625,-0.1209636548372486
1066,Gotlands Slagteri AB,2014,2.3,408 445,48 105,4 533,73 462,0.08109145386016177
1067,Gotlands Slagteri AB,2013,1.6,377 808,39 821,4 805,64 535,0.054425394982514995
1068,Gotlands Slagteri AB,2012,"- 0,6",358 307,48 544,3 750,71 706,-0.17906860588731258
1069,Gotlands Slagteri AB,2011,0.2,436 464,44 507,3 750,68 229,
1070,Gotlands Slagteri AB,2010,-,-,-,-,-,-
1071,Charkuterifabriken Sverige AB,2018,6.7,625 523,115 231,38 996,205 474,0.20162785292078
1072,Charkuterifabriken Sverige AB,2017,12.2,520 563,86 160,30 589,160 763,0.29358454744930035
1073,Charkuterifabriken Sverige AB,2016,5.8,402 419,93 228,42 230,163 137,0.3901155841733279
1074,Charkuterifabriken Sverige AB,2015,5.6,289 486,91 655,42 577,155 557,0.4201977089312434
1075,Charkuterifabriken Sverige AB,2014,4.3,203 835,73 787,13 603,102 414,-0.06485266388648031
1076,Charkuterifabriken Sverige AB,2013,6.3,217 971,42 072,10 662,65 265,-0.09404860369328219
1077,Charkuterifabriken Sverige AB,2012,2.3,240 599,85 317,17 353,114 255,
1078,Charkuterifabriken Sverige AB,2011,-,-,-,-,-,
1079,Charkuterifabriken Sverige AB,2010,1.4,136 692,23 022,29 041,64 864,-
1080,Upfield Sourcing Sweden AB,2018,8.2,228 616,151 090,0,355 063,0.11758782178508227
1081,Upfield Sourcing Sweden AB,2017,12.7,204 562,46 250,0,244 100,0.0698233888217728
1082,Upfield Sourcing Sweden AB,2016,12.8,191 211,49 472,0,240 608,0.940873748959581
1083,Upfield Sourcing Sweden AB,2015,10.5,98 518,48 437,0,230 533,
1084,Upfield Sourcing Sweden AB,2014,-,-,-,-,-,
1085,Upfield Sourcing Sweden AB,2013,-,-,-,-,-,
1086,Upfield Sourcing Sweden AB,2012,-,-,-,-,-,
1087,Upfield Sourcing Sweden AB,2011,-,-,-,-,-,
1088,Upfield Sourcing Sweden AB,2010,-,-,-,-,-,-
1089,Qibbla Halal Kött AB,2018,- 5,250 386,53 709,11 427,86 564,-0.29555448644907534
1090,Qibbla Halal Kött AB,2017,18.1,355 437,38 081,10 925,78 417,
1091,Qibbla Halal Kött AB,2016,-,-,-,-,-,
1092,Qibbla Halal Kött AB,2015,7.6,249 233,43 631,16 990,81 097,0.1333048377342361
1093,Qibbla Halal Kött AB,2014,"- 2,2",219 917,50 881,27 194,92 719,0.06913080890824853
1094,Qibbla Halal Kött AB,2013,2.4,205 697,41 396,25 811,85 079,-0.06315271698783492
1095,Qibbla Halal Kött AB,2012,6.2,219 563,41 319,13 926,72 837,0.010921262851591456
1096,Qibbla Halal Kött AB,2011,4.2,217 191,43 394,8 897,67 653,0.13284929663417153
1097,Qibbla Halal Kött AB,2010,12.9,191 721,28 473,7 930,51 136,-
